"","JURISDICTION","YEAR","CRIME","NUMBER"
"1","Anne Arundel County",1975,"ROBBERY",413
"2","Anne Arundel County",1975,"AGGRAVATED ASSAULT",1514
"3","Anne Arundel County",1975,"BREAKING & ENTERING",5662
"4","Anne Arundel County",1975,"MOTOR VEHICLE THEFT",1986
"5","Anne Arundel County",1976,"ROBBERY",330
"6","Anne Arundel County",1976,"AGGRAVATED ASSAULT",619
"7","Anne Arundel County",1976,"BREAKING & ENTERING",4653
"8","Anne Arundel County",1976,"MOTOR VEHICLE THEFT",1520
"9","Anne Arundel County",1977,"ROBBERY",396
"10","Anne Arundel County",1977,"AGGRAVATED ASSAULT",656
"11","Anne Arundel County",1977,"BREAKING & ENTERING",5091
"12","Anne Arundel County",1977,"MOTOR VEHICLE THEFT",1436
"13","Anne Arundel County",1978,"ROBBERY",349
"14","Anne Arundel County",1978,"AGGRAVATED ASSAULT",710
"15","Anne Arundel County",1978,"BREAKING & ENTERING",4694
"16","Anne Arundel County",1978,"MOTOR VEHICLE THEFT",1161
"17","Anne Arundel County",1979,"ROBBERY",301
"18","Anne Arundel County",1979,"AGGRAVATED ASSAULT",728
"19","Anne Arundel County",1979,"BREAKING & ENTERING",4430
"20","Anne Arundel County",1979,"MOTOR VEHICLE THEFT",1264
"21","Anne Arundel County",1980,"ROBBERY",352
"22","Anne Arundel County",1980,"AGGRAVATED ASSAULT",815
"23","Anne Arundel County",1980,"BREAKING & ENTERING",5444
"24","Anne Arundel County",1980,"MOTOR VEHICLE THEFT",1353
"25","Anne Arundel County",1981,"ROBBERY",488
"26","Anne Arundel County",1981,"AGGRAVATED ASSAULT",820
"27","Anne Arundel County",1981,"BREAKING & ENTERING",5105
"28","Anne Arundel County",1981,"MOTOR VEHICLE THEFT",1276
"29","Anne Arundel County",1982,"ROBBERY",420
"30","Anne Arundel County",1982,"AGGRAVATED ASSAULT",844
"31","Anne Arundel County",1982,"BREAKING & ENTERING",4614
"32","Anne Arundel County",1982,"MOTOR VEHICLE THEFT",1128
"33","Anne Arundel County",1983,"ROBBERY",465
"34","Anne Arundel County",1983,"AGGRAVATED ASSAULT",935
"35","Anne Arundel County",1983,"BREAKING & ENTERING",4392
"36","Anne Arundel County",1983,"MOTOR VEHICLE THEFT",951
"37","Anne Arundel County",1984,"ROBBERY",416
"38","Anne Arundel County",1984,"AGGRAVATED ASSAULT",1085
"39","Anne Arundel County",1984,"BREAKING & ENTERING",4269
"40","Anne Arundel County",1984,"MOTOR VEHICLE THEFT",941
"41","Anne Arundel County",1985,"ROBBERY",417
"42","Anne Arundel County",1985,"AGGRAVATED ASSAULT",1204
"43","Anne Arundel County",1985,"BREAKING & ENTERING",4675
"44","Anne Arundel County",1985,"MOTOR VEHICLE THEFT",1121
"45","Anne Arundel County",1986,"ROBBERY",369
"46","Anne Arundel County",1986,"AGGRAVATED ASSAULT",979
"47","Anne Arundel County",1986,"BREAKING & ENTERING",5382
"48","Anne Arundel County",1986,"MOTOR VEHICLE THEFT",1533
"49","Anne Arundel County",1987,"ROBBERY",383
"50","Anne Arundel County",1987,"AGGRAVATED ASSAULT",895
"51","Anne Arundel County",1987,"BREAKING & ENTERING",4539
"52","Anne Arundel County",1987,"MOTOR VEHICLE THEFT",1676
"53","Anne Arundel County",1988,"ROBBERY",420
"54","Anne Arundel County",1988,"AGGRAVATED ASSAULT",975
"55","Anne Arundel County",1988,"BREAKING & ENTERING",4134
"56","Anne Arundel County",1988,"MOTOR VEHICLE THEFT",1801
"57","Anne Arundel County",1989,"ROBBERY",468
"58","Anne Arundel County",1989,"AGGRAVATED ASSAULT",895
"59","Anne Arundel County",1989,"BREAKING & ENTERING",4009
"60","Anne Arundel County",1989,"MOTOR VEHICLE THEFT",1805
"61","Anne Arundel County",1990,"ROBBERY",462
"62","Anne Arundel County",1990,"AGGRAVATED ASSAULT",1017
"63","Anne Arundel County",1990,"BREAKING & ENTERING",4329
"64","Anne Arundel County",1990,"MOTOR VEHICLE THEFT",2197
"65","Anne Arundel County",1991,"ROBBERY",643
"66","Anne Arundel County",1991,"AGGRAVATED ASSAULT",1067
"67","Anne Arundel County",1991,"BREAKING & ENTERING",4259
"68","Anne Arundel County",1991,"MOTOR VEHICLE THEFT",2084
"69","Anne Arundel County",1992,"ROBBERY",655
"70","Anne Arundel County",1992,"AGGRAVATED ASSAULT",1177
"71","Anne Arundel County",1992,"BREAKING & ENTERING",4205
"72","Anne Arundel County",1992,"MOTOR VEHICLE THEFT",2101
"73","Anne Arundel County",1993,"ROBBERY",647
"74","Anne Arundel County",1993,"AGGRAVATED ASSAULT",1394
"75","Anne Arundel County",1993,"BREAKING & ENTERING",4029
"76","Anne Arundel County",1993,"MOTOR VEHICLE THEFT",1854
"77","Anne Arundel County",1994,"ROBBERY",692
"78","Anne Arundel County",1994,"AGGRAVATED ASSAULT",1287
"79","Anne Arundel County",1994,"BREAKING & ENTERING",3644
"80","Anne Arundel County",1994,"MOTOR VEHICLE THEFT",1806
"81","Anne Arundel County",1995,"ROBBERY",763
"82","Anne Arundel County",1995,"AGGRAVATED ASSAULT",1081
"83","Anne Arundel County",1995,"BREAKING & ENTERING",3498
"84","Anne Arundel County",1995,"MOTOR VEHICLE THEFT",1863
"85","Anne Arundel County",1996,"ROBBERY",771
"86","Anne Arundel County",1996,"AGGRAVATED ASSAULT",1267
"87","Anne Arundel County",1996,"BREAKING & ENTERING",4003
"88","Anne Arundel County",1996,"MOTOR VEHICLE THEFT",1797
"89","Anne Arundel County",1997,"ROBBERY",580
"90","Anne Arundel County",1997,"AGGRAVATED ASSAULT",1416
"91","Anne Arundel County",1997,"BREAKING & ENTERING",3817
"92","Anne Arundel County",1997,"MOTOR VEHICLE THEFT",1760
"93","Anne Arundel County",1998,"ROBBERY",631
"94","Anne Arundel County",1998,"AGGRAVATED ASSAULT",1813
"95","Anne Arundel County",1998,"BREAKING & ENTERING",3525
"96","Anne Arundel County",1998,"MOTOR VEHICLE THEFT",1529
"97","Anne Arundel County",1999,"ROBBERY",541
"98","Anne Arundel County",1999,"AGGRAVATED ASSAULT",2157
"99","Anne Arundel County",1999,"BREAKING & ENTERING",3495
"100","Anne Arundel County",1999,"MOTOR VEHICLE THEFT",1418
"101","Anne Arundel County",2000,"ROBBERY",646
"102","Anne Arundel County",2000,"AGGRAVATED ASSAULT",2610
"103","Anne Arundel County",2000,"BREAKING & ENTERING",3147
"104","Anne Arundel County",2000,"MOTOR VEHICLE THEFT",1398
"105","Anne Arundel County",2001,"ROBBERY",736
"106","Anne Arundel County",2001,"AGGRAVATED ASSAULT",2932
"107","Anne Arundel County",2001,"BREAKING & ENTERING",3206
"108","Anne Arundel County",2001,"MOTOR VEHICLE THEFT",1258
"109","Anne Arundel County",2002,"ROBBERY",754
"110","Anne Arundel County",2002,"AGGRAVATED ASSAULT",2742
"111","Anne Arundel County",2002,"BREAKING & ENTERING",3191
"112","Anne Arundel County",2002,"MOTOR VEHICLE THEFT",1484
"113","Anne Arundel County",2003,"ROBBERY",753
"114","Anne Arundel County",2003,"AGGRAVATED ASSAULT",2633
"115","Anne Arundel County",2003,"BREAKING & ENTERING",3107
"116","Anne Arundel County",2003,"MOTOR VEHICLE THEFT",1441
"117","Anne Arundel County",2004,"ROBBERY",767
"118","Anne Arundel County",2004,"AGGRAVATED ASSAULT",2403
"119","Anne Arundel County",2004,"BREAKING & ENTERING",2986
"120","Anne Arundel County",2004,"MOTOR VEHICLE THEFT",1631
"121","Anne Arundel County",2005,"ROBBERY",865
"122","Anne Arundel County",2005,"AGGRAVATED ASSAULT",2198
"123","Anne Arundel County",2005,"BREAKING & ENTERING",3122
"124","Anne Arundel County",2005,"MOTOR VEHICLE THEFT",1524
"125","Anne Arundel County",2006,"ROBBERY",943
"126","Anne Arundel County",2006,"AGGRAVATED ASSAULT",2091
"127","Anne Arundel County",2006,"BREAKING & ENTERING",3420
"128","Anne Arundel County",2006,"MOTOR VEHICLE THEFT",1654
"129","Anne Arundel County",2007,"ROBBERY",910
"130","Anne Arundel County",2007,"AGGRAVATED ASSAULT",2048
"131","Anne Arundel County",2007,"BREAKING & ENTERING",3412
"132","Anne Arundel County",2007,"MOTOR VEHICLE THEFT",1667
"133","Anne Arundel County",2008,"ROBBERY",810
"134","Anne Arundel County",2008,"AGGRAVATED ASSAULT",1994
"135","Anne Arundel County",2008,"BREAKING & ENTERING",3419
"136","Anne Arundel County",2008,"MOTOR VEHICLE THEFT",1581
"137","Anne Arundel County",2009,"ROBBERY",746
"138","Anne Arundel County",2009,"AGGRAVATED ASSAULT",2063
"139","Anne Arundel County",2009,"BREAKING & ENTERING",3067
"140","Anne Arundel County",2009,"MOTOR VEHICLE THEFT",1134
"141","Anne Arundel County",2010,"ROBBERY",661
"142","Anne Arundel County",2010,"AGGRAVATED ASSAULT",2137
"143","Anne Arundel County",2010,"BREAKING & ENTERING",2860
"144","Anne Arundel County",2010,"MOTOR VEHICLE THEFT",1236
"145","Anne Arundel County",2011,"ROBBERY",597
"146","Anne Arundel County",2011,"AGGRAVATED ASSAULT",1972
"147","Anne Arundel County",2011,"BREAKING & ENTERING",2259
"148","Anne Arundel County",2011,"MOTOR VEHICLE THEFT",832
"149","Anne Arundel County",2012,"ROBBERY",538
"150","Anne Arundel County",2012,"AGGRAVATED ASSAULT",1630
"151","Anne Arundel County",2012,"BREAKING & ENTERING",2585
"152","Anne Arundel County",2012,"MOTOR VEHICLE THEFT",888
"153","Anne Arundel County",2013,"ROBBERY",630
"154","Anne Arundel County",2013,"AGGRAVATED ASSAULT",1603
"155","Anne Arundel County",2013,"BREAKING & ENTERING",2522
"156","Anne Arundel County",2013,"MOTOR VEHICLE THEFT",677
"157","Anne Arundel County",2014,"ROBBERY",634
"158","Anne Arundel County",2014,"AGGRAVATED ASSAULT",1523
"159","Anne Arundel County",2014,"BREAKING & ENTERING",2152
"160","Anne Arundel County",2014,"MOTOR VEHICLE THEFT",702
"161","Anne Arundel County",2015,"ROBBERY",613
"162","Anne Arundel County",2015,"AGGRAVATED ASSAULT",1425
"163","Anne Arundel County",2015,"BREAKING & ENTERING",2084
"164","Anne Arundel County",2015,"MOTOR VEHICLE THEFT",629
"165","Anne Arundel County",2016,"ROBBERY",558
"166","Anne Arundel County",2016,"AGGRAVATED ASSAULT",1575
"167","Anne Arundel County",2016,"BREAKING & ENTERING",1979
"168","Anne Arundel County",2016,"MOTOR VEHICLE THEFT",622
"169","Anne Arundel County",2017,"ROBBERY",629
"170","Anne Arundel County",2017,"AGGRAVATED ASSAULT",1433
"171","Anne Arundel County",2017,"BREAKING & ENTERING",1729
"172","Anne Arundel County",2017,"MOTOR VEHICLE THEFT",667
"173","Anne Arundel County",2018,"ROBBERY",473
"174","Anne Arundel County",2018,"AGGRAVATED ASSAULT",1382
"175","Anne Arundel County",2018,"BREAKING & ENTERING",1359
"176","Anne Arundel County",2018,"MOTOR VEHICLE THEFT",688
"177","Anne Arundel County",2019,"ROBBERY",438
"178","Anne Arundel County",2019,"AGGRAVATED ASSAULT",1220
"179","Anne Arundel County",2019,"BREAKING & ENTERING",1143
"180","Anne Arundel County",2019,"MOTOR VEHICLE THEFT",659
"181","Anne Arundel County",2020,"ROBBERY",357
"182","Anne Arundel County",2020,"AGGRAVATED ASSAULT",1286
"183","Anne Arundel County",2020,"BREAKING & ENTERING",1053
"184","Anne Arundel County",2020,"MOTOR VEHICLE THEFT",626
"185","Baltimore City",1975,"ROBBERY",9055
"186","Baltimore City",1975,"AGGRAVATED ASSAULT",6309
"187","Baltimore City",1975,"BREAKING & ENTERING",15787
"188","Baltimore City",1975,"MOTOR VEHICLE THEFT",7602
"189","Baltimore City",1976,"ROBBERY",7764
"190","Baltimore City",1976,"AGGRAVATED ASSAULT",5788
"191","Baltimore City",1976,"BREAKING & ENTERING",15443
"192","Baltimore City",1976,"MOTOR VEHICLE THEFT",5903
"193","Baltimore City",1977,"ROBBERY",7574
"194","Baltimore City",1977,"AGGRAVATED ASSAULT",6075
"195","Baltimore City",1977,"BREAKING & ENTERING",15463
"196","Baltimore City",1977,"MOTOR VEHICLE THEFT",6213
"197","Baltimore City",1978,"ROBBERY",8103
"198","Baltimore City",1978,"AGGRAVATED ASSAULT",5849
"199","Baltimore City",1978,"BREAKING & ENTERING",15969
"200","Baltimore City",1978,"MOTOR VEHICLE THEFT",5909
"201","Baltimore City",1979,"ROBBERY",8492
"202","Baltimore City",1979,"AGGRAVATED ASSAULT",6247
"203","Baltimore City",1979,"BREAKING & ENTERING",17054
"204","Baltimore City",1979,"MOTOR VEHICLE THEFT",6807
"205","Baltimore City",1980,"ROBBERY",10046
"206","Baltimore City",1980,"AGGRAVATED ASSAULT",5805
"207","Baltimore City",1980,"BREAKING & ENTERING",17774
"208","Baltimore City",1980,"MOTOR VEHICLE THEFT",5661
"209","Baltimore City",1981,"ROBBERY",10737
"210","Baltimore City",1981,"AGGRAVATED ASSAULT",6258
"211","Baltimore City",1981,"BREAKING & ENTERING",18604
"212","Baltimore City",1981,"MOTOR VEHICLE THEFT",5331
"213","Baltimore City",1982,"ROBBERY",9357
"214","Baltimore City",1982,"AGGRAVATED ASSAULT",6592
"215","Baltimore City",1982,"BREAKING & ENTERING",16501
"216","Baltimore City",1982,"MOTOR VEHICLE THEFT",4462
"217","Baltimore City",1983,"ROBBERY",9176
"218","Baltimore City",1983,"AGGRAVATED ASSAULT",6291
"219","Baltimore City",1983,"BREAKING & ENTERING",14690
"220","Baltimore City",1983,"MOTOR VEHICLE THEFT",4470
"221","Baltimore City",1984,"ROBBERY",8017
"222","Baltimore City",1984,"AGGRAVATED ASSAULT",6830
"223","Baltimore City",1984,"BREAKING & ENTERING",14062
"224","Baltimore City",1984,"MOTOR VEHICLE THEFT",5419
"225","Baltimore City",1985,"ROBBERY",7794
"226","Baltimore City",1985,"AGGRAVATED ASSAULT",6949
"227","Baltimore City",1985,"BREAKING & ENTERING",13988
"228","Baltimore City",1985,"MOTOR VEHICLE THEFT",6027
"229","Baltimore City",1986,"ROBBERY",8008
"230","Baltimore City",1986,"AGGRAVATED ASSAULT",6369
"231","Baltimore City",1986,"BREAKING & ENTERING",14388
"232","Baltimore City",1986,"MOTOR VEHICLE THEFT",6884
"233","Baltimore City",1987,"ROBBERY",7485
"234","Baltimore City",1987,"AGGRAVATED ASSAULT",6030
"235","Baltimore City",1987,"BREAKING & ENTERING",13558
"236","Baltimore City",1987,"MOTOR VEHICLE THEFT",7495
"237","Baltimore City",1988,"ROBBERY",7418
"238","Baltimore City",1988,"AGGRAVATED ASSAULT",6592
"239","Baltimore City",1988,"BREAKING & ENTERING",14359
"240","Baltimore City",1988,"MOTOR VEHICLE THEFT",8468
"241","Baltimore City",1989,"ROBBERY",7986
"242","Baltimore City",1989,"AGGRAVATED ASSAULT",6876
"243","Baltimore City",1989,"BREAKING & ENTERING",14446
"244","Baltimore City",1989,"MOTOR VEHICLE THEFT",8188
"245","Baltimore City",1990,"ROBBERY",9491
"246","Baltimore City",1990,"AGGRAVATED ASSAULT",7519
"247","Baltimore City",1990,"BREAKING & ENTERING",14867
"248","Baltimore City",1990,"MOTOR VEHICLE THEFT",9939
"249","Baltimore City",1991,"ROBBERY",10793
"250","Baltimore City",1991,"AGGRAVATED ASSAULT",7295
"251","Baltimore City",1991,"BREAKING & ENTERING",16394
"252","Baltimore City",1991,"MOTOR VEHICLE THEFT",10618
"253","Baltimore City",1992,"ROBBERY",12290
"254","Baltimore City",1992,"AGGRAVATED ASSAULT",8481
"255","Baltimore City",1992,"BREAKING & ENTERING",16503
"256","Baltimore City",1992,"MOTOR VEHICLE THEFT",11332
"257","Baltimore City",1993,"ROBBERY",12408
"258","Baltimore City",1993,"AGGRAVATED ASSAULT",8577
"259","Baltimore City",1993,"BREAKING & ENTERING",18076
"260","Baltimore City",1993,"MOTOR VEHICLE THEFT",10672
"261","Baltimore City",1994,"ROBBERY",11303
"262","Baltimore City",1994,"AGGRAVATED ASSAULT",8748
"263","Baltimore City",1994,"BREAKING & ENTERING",16026
"264","Baltimore City",1994,"MOTOR VEHICLE THEFT",13603
"265","Baltimore City",1995,"ROBBERY",11397
"266","Baltimore City",1995,"AGGRAVATED ASSAULT",9172
"267","Baltimore City",1995,"BREAKING & ENTERING",16705
"268","Baltimore City",1995,"MOTOR VEHICLE THEFT",11210
"269","Baltimore City",1996,"ROBBERY",10429
"270","Baltimore City",1996,"AGGRAVATED ASSAULT",8216
"271","Baltimore City",1996,"BREAKING & ENTERING",14887
"272","Baltimore City",1996,"MOTOR VEHICLE THEFT",11186
"273","Baltimore City",1997,"ROBBERY",8665
"274","Baltimore City",1997,"AGGRAVATED ASSAULT",8072
"275","Baltimore City",1997,"BREAKING & ENTERING",12841
"276","Baltimore City",1997,"MOTOR VEHICLE THEFT",8856
"277","Baltimore City",1998,"ROBBERY",7718
"278","Baltimore City",1998,"AGGRAVATED ASSAULT",7605
"279","Baltimore City",1998,"BREAKING & ENTERING",13279
"280","Baltimore City",1998,"MOTOR VEHICLE THEFT",7375
"281","Baltimore City",1999,"ROBBERY",7462
"282","Baltimore City",1999,"AGGRAVATED ASSAULT",10536
"283","Baltimore City",1999,"BREAKING & ENTERING",12386
"284","Baltimore City",1999,"MOTOR VEHICLE THEFT",7255
"285","Baltimore City",2000,"ROBBERY",6634
"286","Baltimore City",2000,"AGGRAVATED ASSAULT",8774
"287","Baltimore City",2000,"BREAKING & ENTERING",10751
"288","Baltimore City",2000,"MOTOR VEHICLE THEFT",7871
"289","Baltimore City",2001,"ROBBERY",5762
"290","Baltimore City",2001,"AGGRAVATED ASSAULT",8520
"291","Baltimore City",2001,"BREAKING & ENTERING",10960
"292","Baltimore City",2001,"MOTOR VEHICLE THEFT",8199
"293","Baltimore City",2002,"ROBBERY",4764
"294","Baltimore City",2002,"AGGRAVATED ASSAULT",8667
"295","Baltimore City",2002,"BREAKING & ENTERING",8814
"296","Baltimore City",2002,"MOTOR VEHICLE THEFT",6572
"297","Baltimore City",2003,"ROBBERY",4364
"298","Baltimore City",2003,"AGGRAVATED ASSAULT",6385
"299","Baltimore City",2003,"BREAKING & ENTERING",7855
"300","Baltimore City",2003,"MOTOR VEHICLE THEFT",6874
"301","Baltimore City",2004,"ROBBERY",4085
"302","Baltimore City",2004,"AGGRAVATED ASSAULT",7199
"303","Baltimore City",2004,"BREAKING & ENTERING",8022
"304","Baltimore City",2004,"MOTOR VEHICLE THEFT",6731
"305","Baltimore City",2005,"ROBBERY",3935
"306","Baltimore City",2005,"AGGRAVATED ASSAULT",6943
"307","Baltimore City",2005,"BREAKING & ENTERING",7388
"308","Baltimore City",2005,"MOTOR VEHICLE THEFT",6232
"309","Baltimore City",2006,"ROBBERY",4260
"310","Baltimore City",2006,"AGGRAVATED ASSAULT",6196
"311","Baltimore City",2006,"BREAKING & ENTERING",7664
"312","Baltimore City",2006,"MOTOR VEHICLE THEFT",6276
"313","Baltimore City",2007,"ROBBERY",3926
"314","Baltimore City",2007,"AGGRAVATED ASSAULT",5875
"315","Baltimore City",2007,"BREAKING & ENTERING",7431
"316","Baltimore City",2007,"MOTOR VEHICLE THEFT",5821
"317","Baltimore City",2008,"ROBBERY",4058
"318","Baltimore City",2008,"AGGRAVATED ASSAULT",5703
"319","Baltimore City",2008,"BREAKING & ENTERING",7880
"320","Baltimore City",2008,"MOTOR VEHICLE THEFT",5518
"321","Baltimore City",2009,"ROBBERY",3726
"322","Baltimore City",2009,"AGGRAVATED ASSAULT",5579
"323","Baltimore City",2009,"BREAKING & ENTERING",7856
"324","Baltimore City",2009,"MOTOR VEHICLE THEFT",4632
"325","Baltimore City",2010,"ROBBERY",3361
"326","Baltimore City",2010,"AGGRAVATED ASSAULT",5502
"327","Baltimore City",2010,"BREAKING & ENTERING",7646
"328","Baltimore City",2010,"MOTOR VEHICLE THEFT",4421
"329","Baltimore City",2011,"ROBBERY",3485
"330","Baltimore City",2011,"AGGRAVATED ASSAULT",4905
"331","Baltimore City",2011,"BREAKING & ENTERING",8649
"332","Baltimore City",2011,"MOTOR VEHICLE THEFT",4207
"333","Baltimore City",2012,"ROBBERY",3635
"334","Baltimore City",2012,"AGGRAVATED ASSAULT",4657
"335","Baltimore City",2012,"BREAKING & ENTERING",7796
"336","Baltimore City",2012,"MOTOR VEHICLE THEFT",3987
"337","Baltimore City",2013,"ROBBERY",3755
"338","Baltimore City",2013,"AGGRAVATED ASSAULT",4471
"339","Baltimore City",2013,"BREAKING & ENTERING",7440
"340","Baltimore City",2013,"MOTOR VEHICLE THEFT",4462
"341","Baltimore City",2014,"ROBBERY",3740
"342","Baltimore City",2014,"AGGRAVATED ASSAULT",4236
"343","Baltimore City",2014,"BREAKING & ENTERING",6966
"344","Baltimore City",2014,"MOTOR VEHICLE THEFT",4504
"345","Baltimore City",2015,"ROBBERY",4378
"346","Baltimore City",2015,"AGGRAVATED ASSAULT",4671
"347","Baltimore City",2015,"BREAKING & ENTERING",7803
"348","Baltimore City",2015,"MOTOR VEHICLE THEFT",5541
"349","Baltimore City",2016,"ROBBERY",5288
"350","Baltimore City",2016,"AGGRAVATED ASSAULT",5210
"351","Baltimore City",2016,"BREAKING & ENTERING",7399
"352","Baltimore City",2016,"MOTOR VEHICLE THEFT",5336
"353","Baltimore City",2017,"ROBBERY",5926
"354","Baltimore City",2017,"AGGRAVATED ASSAULT",5874
"355","Baltimore City",2017,"BREAKING & ENTERING",8056
"356","Baltimore City",2017,"MOTOR VEHICLE THEFT",5184
"357","Baltimore City",2018,"ROBBERY",5130
"358","Baltimore City",2018,"AGGRAVATED ASSAULT",5415
"359","Baltimore City",2018,"BREAKING & ENTERING",6074
"360","Baltimore City",2018,"MOTOR VEHICLE THEFT",4389
"361","Baltimore City",2019,"ROBBERY",4903
"362","Baltimore City",2019,"AGGRAVATED ASSAULT",5610
"363","Baltimore City",2019,"BREAKING & ENTERING",5434
"364","Baltimore City",2019,"MOTOR VEHICLE THEFT",3949
"365","Baltimore City",2020,"ROBBERY",3441
"366","Baltimore City",2020,"AGGRAVATED ASSAULT",5381
"367","Baltimore City",2020,"BREAKING & ENTERING",4116
"368","Baltimore City",2020,"MOTOR VEHICLE THEFT",3128
"369","Baltimore County",1975,"ROBBERY",787
"370","Baltimore County",1975,"AGGRAVATED ASSAULT",503
"371","Baltimore County",1975,"BREAKING & ENTERING",8312
"372","Baltimore County",1975,"MOTOR VEHICLE THEFT",2992
"373","Baltimore County",1976,"ROBBERY",730
"374","Baltimore County",1976,"AGGRAVATED ASSAULT",1095
"375","Baltimore County",1976,"BREAKING & ENTERING",8205
"376","Baltimore County",1976,"MOTOR VEHICLE THEFT",2834
"377","Baltimore County",1977,"ROBBERY",751
"378","Baltimore County",1977,"AGGRAVATED ASSAULT",3229
"379","Baltimore County",1977,"BREAKING & ENTERING",8868
"380","Baltimore County",1977,"MOTOR VEHICLE THEFT",2892
"381","Baltimore County",1978,"ROBBERY",846
"382","Baltimore County",1978,"AGGRAVATED ASSAULT",3755
"383","Baltimore County",1978,"BREAKING & ENTERING",9001
"384","Baltimore County",1978,"MOTOR VEHICLE THEFT",2720
"385","Baltimore County",1979,"ROBBERY",1085
"386","Baltimore County",1979,"AGGRAVATED ASSAULT",3945
"387","Baltimore County",1979,"BREAKING & ENTERING",10138
"388","Baltimore County",1979,"MOTOR VEHICLE THEFT",3306
"389","Baltimore County",1980,"ROBBERY",1223
"390","Baltimore County",1980,"AGGRAVATED ASSAULT",4456
"391","Baltimore County",1980,"BREAKING & ENTERING",11793
"392","Baltimore County",1980,"MOTOR VEHICLE THEFT",3287
"393","Baltimore County",1981,"ROBBERY",1401
"394","Baltimore County",1981,"AGGRAVATED ASSAULT",4580
"395","Baltimore County",1981,"BREAKING & ENTERING",11964
"396","Baltimore County",1981,"MOTOR VEHICLE THEFT",3203
"397","Baltimore County",1982,"ROBBERY",1242
"398","Baltimore County",1982,"AGGRAVATED ASSAULT",5155
"399","Baltimore County",1982,"BREAKING & ENTERING",9981
"400","Baltimore County",1982,"MOTOR VEHICLE THEFT",2941
"401","Baltimore County",1983,"ROBBERY",1272
"402","Baltimore County",1983,"AGGRAVATED ASSAULT",4627
"403","Baltimore County",1983,"BREAKING & ENTERING",8923
"404","Baltimore County",1983,"MOTOR VEHICLE THEFT",2774
"405","Baltimore County",1984,"ROBBERY",1087
"406","Baltimore County",1984,"AGGRAVATED ASSAULT",4900
"407","Baltimore County",1984,"BREAKING & ENTERING",8727
"408","Baltimore County",1984,"MOTOR VEHICLE THEFT",2775
"409","Baltimore County",1985,"ROBBERY",1092
"410","Baltimore County",1985,"AGGRAVATED ASSAULT",5592
"411","Baltimore County",1985,"BREAKING & ENTERING",8617
"412","Baltimore County",1985,"MOTOR VEHICLE THEFT",3064
"413","Baltimore County",1986,"ROBBERY",1394
"414","Baltimore County",1986,"AGGRAVATED ASSAULT",5289
"415","Baltimore County",1986,"BREAKING & ENTERING",9612
"416","Baltimore County",1986,"MOTOR VEHICLE THEFT",3691
"417","Baltimore County",1987,"ROBBERY",1419
"418","Baltimore County",1987,"AGGRAVATED ASSAULT",3995
"419","Baltimore County",1987,"BREAKING & ENTERING",8490
"420","Baltimore County",1987,"MOTOR VEHICLE THEFT",3863
"421","Baltimore County",1988,"ROBBERY",1661
"422","Baltimore County",1988,"AGGRAVATED ASSAULT",4714
"423","Baltimore County",1988,"BREAKING & ENTERING",8703
"424","Baltimore County",1988,"MOTOR VEHICLE THEFT",4606
"425","Baltimore County",1989,"ROBBERY",1810
"426","Baltimore County",1989,"AGGRAVATED ASSAULT",5240
"427","Baltimore County",1989,"BREAKING & ENTERING",8468
"428","Baltimore County",1989,"MOTOR VEHICLE THEFT",4480
"429","Baltimore County",1990,"ROBBERY",1709
"430","Baltimore County",1990,"AGGRAVATED ASSAULT",5000
"431","Baltimore County",1990,"BREAKING & ENTERING",7996
"432","Baltimore County",1990,"MOTOR VEHICLE THEFT",5098
"433","Baltimore County",1991,"ROBBERY",2151
"434","Baltimore County",1991,"AGGRAVATED ASSAULT",5221
"435","Baltimore County",1991,"BREAKING & ENTERING",8308
"436","Baltimore County",1991,"MOTOR VEHICLE THEFT",5913
"437","Baltimore County",1992,"ROBBERY",2307
"438","Baltimore County",1992,"AGGRAVATED ASSAULT",5090
"439","Baltimore County",1992,"BREAKING & ENTERING",8322
"440","Baltimore County",1992,"MOTOR VEHICLE THEFT",5619
"441","Baltimore County",1993,"ROBBERY",2311
"442","Baltimore County",1993,"AGGRAVATED ASSAULT",4864
"443","Baltimore County",1993,"BREAKING & ENTERING",8050
"444","Baltimore County",1993,"MOTOR VEHICLE THEFT",5477
"445","Baltimore County",1994,"ROBBERY",2180
"446","Baltimore County",1994,"AGGRAVATED ASSAULT",4761
"447","Baltimore County",1994,"BREAKING & ENTERING",7353
"448","Baltimore County",1994,"MOTOR VEHICLE THEFT",6289
"449","Baltimore County",1995,"ROBBERY",2473
"450","Baltimore County",1995,"AGGRAVATED ASSAULT",4935
"451","Baltimore County",1995,"BREAKING & ENTERING",7637
"452","Baltimore County",1995,"MOTOR VEHICLE THEFT",5406
"453","Baltimore County",1996,"ROBBERY",2427
"454","Baltimore County",1996,"AGGRAVATED ASSAULT",4690
"455","Baltimore County",1996,"BREAKING & ENTERING",6972
"456","Baltimore County",1996,"MOTOR VEHICLE THEFT",4751
"457","Baltimore County",1997,"ROBBERY",2482
"458","Baltimore County",1997,"AGGRAVATED ASSAULT",4572
"459","Baltimore County",1997,"BREAKING & ENTERING",7266
"460","Baltimore County",1997,"MOTOR VEHICLE THEFT",4185
"461","Baltimore County",1998,"ROBBERY",1878
"462","Baltimore County",1998,"AGGRAVATED ASSAULT",4005
"463","Baltimore County",1998,"BREAKING & ENTERING",6993
"464","Baltimore County",1998,"MOTOR VEHICLE THEFT",3367
"465","Baltimore County",1999,"ROBBERY",1708
"466","Baltimore County",1999,"AGGRAVATED ASSAULT",4171
"467","Baltimore County",1999,"BREAKING & ENTERING",6194
"468","Baltimore County",1999,"MOTOR VEHICLE THEFT",2953
"469","Baltimore County",2000,"ROBBERY",1587
"470","Baltimore County",2000,"AGGRAVATED ASSAULT",4340
"471","Baltimore County",2000,"BREAKING & ENTERING",5586
"472","Baltimore County",2000,"MOTOR VEHICLE THEFT",3418
"473","Baltimore County",2001,"ROBBERY",1728
"474","Baltimore County",2001,"AGGRAVATED ASSAULT",4576
"475","Baltimore County",2001,"BREAKING & ENTERING",6246
"476","Baltimore County",2001,"MOTOR VEHICLE THEFT",3297
"477","Baltimore County",2002,"ROBBERY",1705
"478","Baltimore County",2002,"AGGRAVATED ASSAULT",4589
"479","Baltimore County",2002,"BREAKING & ENTERING",5719
"480","Baltimore County",2002,"MOTOR VEHICLE THEFT",3491
"481","Baltimore County",2003,"ROBBERY",1611
"482","Baltimore County",2003,"AGGRAVATED ASSAULT",4356
"483","Baltimore County",2003,"BREAKING & ENTERING",5425
"484","Baltimore County",2003,"MOTOR VEHICLE THEFT",3341
"485","Baltimore County",2004,"ROBBERY",1565
"486","Baltimore County",2004,"AGGRAVATED ASSAULT",4388
"487","Baltimore County",2004,"BREAKING & ENTERING",4942
"488","Baltimore County",2004,"MOTOR VEHICLE THEFT",2936
"489","Baltimore County",2005,"ROBBERY",1769
"490","Baltimore County",2005,"AGGRAVATED ASSAULT",3663
"491","Baltimore County",2005,"BREAKING & ENTERING",4629
"492","Baltimore County",2005,"MOTOR VEHICLE THEFT",3046
"493","Baltimore County",2006,"ROBBERY",2090
"494","Baltimore County",2006,"AGGRAVATED ASSAULT",3445
"495","Baltimore County",2006,"BREAKING & ENTERING",4812
"496","Baltimore County",2006,"MOTOR VEHICLE THEFT",3463
"497","Baltimore County",2007,"ROBBERY",1787
"498","Baltimore County",2007,"AGGRAVATED ASSAULT",3407
"499","Baltimore County",2007,"BREAKING & ENTERING",4949
"500","Baltimore County",2007,"MOTOR VEHICLE THEFT",3372
"501","Baltimore County",2008,"ROBBERY",1730
"502","Baltimore County",2008,"AGGRAVATED ASSAULT",3018
"503","Baltimore County",2008,"BREAKING & ENTERING",4448
"504","Baltimore County",2008,"MOTOR VEHICLE THEFT",2940
"505","Baltimore County",2009,"ROBBERY",1471
"506","Baltimore County",2009,"AGGRAVATED ASSAULT",2898
"507","Baltimore County",2009,"BREAKING & ENTERING",4316
"508","Baltimore County",2009,"MOTOR VEHICLE THEFT",2443
"509","Baltimore County",2010,"ROBBERY",1341
"510","Baltimore County",2010,"AGGRAVATED ASSAULT",2862
"511","Baltimore County",2010,"BREAKING & ENTERING",4119
"512","Baltimore County",2010,"MOTOR VEHICLE THEFT",1880
"513","Baltimore County",2011,"ROBBERY",1457
"514","Baltimore County",2011,"AGGRAVATED ASSAULT",2654
"515","Baltimore County",2011,"BREAKING & ENTERING",4295
"516","Baltimore County",2011,"MOTOR VEHICLE THEFT",1710
"517","Baltimore County",2012,"ROBBERY",1368
"518","Baltimore County",2012,"AGGRAVATED ASSAULT",2643
"519","Baltimore County",2012,"BREAKING & ENTERING",4079
"520","Baltimore County",2012,"MOTOR VEHICLE THEFT",1572
"521","Baltimore County",2013,"ROBBERY",1511
"522","Baltimore County",2013,"AGGRAVATED ASSAULT",2544
"523","Baltimore County",2013,"BREAKING & ENTERING",3949
"524","Baltimore County",2013,"MOTOR VEHICLE THEFT",1463
"525","Baltimore County",2014,"ROBBERY",1512
"526","Baltimore County",2014,"AGGRAVATED ASSAULT",2405
"527","Baltimore County",2014,"BREAKING & ENTERING",3493
"528","Baltimore County",2014,"MOTOR VEHICLE THEFT",1499
"529","Baltimore County",2015,"ROBBERY",1525
"530","Baltimore County",2015,"AGGRAVATED ASSAULT",2626
"531","Baltimore County",2015,"BREAKING & ENTERING",3587
"532","Baltimore County",2015,"MOTOR VEHICLE THEFT",1770
"533","Baltimore County",2016,"ROBBERY",1498
"534","Baltimore County",2016,"AGGRAVATED ASSAULT",2564
"535","Baltimore County",2016,"BREAKING & ENTERING",3695
"536","Baltimore County",2016,"MOTOR VEHICLE THEFT",2070
"537","Baltimore County",2017,"ROBBERY",1536
"538","Baltimore County",2017,"AGGRAVATED ASSAULT",3166
"539","Baltimore County",2017,"BREAKING & ENTERING",3128
"540","Baltimore County",2017,"MOTOR VEHICLE THEFT",2029
"541","Baltimore County",2018,"ROBBERY",1337
"542","Baltimore County",2018,"AGGRAVATED ASSAULT",3135
"543","Baltimore County",2018,"BREAKING & ENTERING",2612
"544","Baltimore County",2018,"MOTOR VEHICLE THEFT",1847
"545","Baltimore County",2019,"ROBBERY",1163
"546","Baltimore County",2019,"AGGRAVATED ASSAULT",3140
"547","Baltimore County",2019,"BREAKING & ENTERING",2567
"548","Baltimore County",2019,"MOTOR VEHICLE THEFT",1602
"549","Baltimore County",2020,"ROBBERY",878
"550","Baltimore County",2020,"AGGRAVATED ASSAULT",2566
"551","Baltimore County",2020,"BREAKING & ENTERING",3258
"552","Baltimore County",2020,"MOTOR VEHICLE THEFT",1354
"553","Frederick County",1975,"ROBBERY",66
"554","Frederick County",1975,"AGGRAVATED ASSAULT",203
"555","Frederick County",1975,"BREAKING & ENTERING",702
"556","Frederick County",1975,"MOTOR VEHICLE THEFT",150
"557","Frederick County",1976,"ROBBERY",40
"558","Frederick County",1976,"AGGRAVATED ASSAULT",196
"559","Frederick County",1976,"BREAKING & ENTERING",846
"560","Frederick County",1976,"MOTOR VEHICLE THEFT",117
"561","Frederick County",1977,"ROBBERY",75
"562","Frederick County",1977,"AGGRAVATED ASSAULT",204
"563","Frederick County",1977,"BREAKING & ENTERING",867
"564","Frederick County",1977,"MOTOR VEHICLE THEFT",143
"565","Frederick County",1978,"ROBBERY",70
"566","Frederick County",1978,"AGGRAVATED ASSAULT",237
"567","Frederick County",1978,"BREAKING & ENTERING",909
"568","Frederick County",1978,"MOTOR VEHICLE THEFT",138
"569","Frederick County",1979,"ROBBERY",72
"570","Frederick County",1979,"AGGRAVATED ASSAULT",297
"571","Frederick County",1979,"BREAKING & ENTERING",1024
"572","Frederick County",1979,"MOTOR VEHICLE THEFT",155
"573","Frederick County",1980,"ROBBERY",78
"574","Frederick County",1980,"AGGRAVATED ASSAULT",371
"575","Frederick County",1980,"BREAKING & ENTERING",1097
"576","Frederick County",1980,"MOTOR VEHICLE THEFT",179
"577","Frederick County",1981,"ROBBERY",76
"578","Frederick County",1981,"AGGRAVATED ASSAULT",345
"579","Frederick County",1981,"BREAKING & ENTERING",1285
"580","Frederick County",1981,"MOTOR VEHICLE THEFT",181
"581","Frederick County",1982,"ROBBERY",82
"582","Frederick County",1982,"AGGRAVATED ASSAULT",441
"583","Frederick County",1982,"BREAKING & ENTERING",934
"584","Frederick County",1982,"MOTOR VEHICLE THEFT",156
"585","Frederick County",1983,"ROBBERY",73
"586","Frederick County",1983,"AGGRAVATED ASSAULT",579
"587","Frederick County",1983,"BREAKING & ENTERING",761
"588","Frederick County",1983,"MOTOR VEHICLE THEFT",141
"589","Frederick County",1984,"ROBBERY",76
"590","Frederick County",1984,"AGGRAVATED ASSAULT",443
"591","Frederick County",1984,"BREAKING & ENTERING",898
"592","Frederick County",1984,"MOTOR VEHICLE THEFT",173
"593","Frederick County",1985,"ROBBERY",83
"594","Frederick County",1985,"AGGRAVATED ASSAULT",509
"595","Frederick County",1985,"BREAKING & ENTERING",915
"596","Frederick County",1985,"MOTOR VEHICLE THEFT",179
"597","Frederick County",1986,"ROBBERY",64
"598","Frederick County",1986,"AGGRAVATED ASSAULT",570
"599","Frederick County",1986,"BREAKING & ENTERING",817
"600","Frederick County",1986,"MOTOR VEHICLE THEFT",199
"601","Frederick County",1987,"ROBBERY",63
"602","Frederick County",1987,"AGGRAVATED ASSAULT",509
"603","Frederick County",1987,"BREAKING & ENTERING",902
"604","Frederick County",1987,"MOTOR VEHICLE THEFT",196
"605","Frederick County",1988,"ROBBERY",117
"606","Frederick County",1988,"AGGRAVATED ASSAULT",558
"607","Frederick County",1988,"BREAKING & ENTERING",964
"608","Frederick County",1988,"MOTOR VEHICLE THEFT",198
"609","Frederick County",1989,"ROBBERY",117
"610","Frederick County",1989,"AGGRAVATED ASSAULT",587
"611","Frederick County",1989,"BREAKING & ENTERING",789
"612","Frederick County",1989,"MOTOR VEHICLE THEFT",248
"613","Frederick County",1990,"ROBBERY",124
"614","Frederick County",1990,"AGGRAVATED ASSAULT",732
"615","Frederick County",1990,"BREAKING & ENTERING",894
"616","Frederick County",1990,"MOTOR VEHICLE THEFT",248
"617","Frederick County",1991,"ROBBERY",86
"618","Frederick County",1991,"AGGRAVATED ASSAULT",667
"619","Frederick County",1991,"BREAKING & ENTERING",868
"620","Frederick County",1991,"MOTOR VEHICLE THEFT",215
"621","Frederick County",1992,"ROBBERY",107
"622","Frederick County",1992,"AGGRAVATED ASSAULT",679
"623","Frederick County",1992,"BREAKING & ENTERING",940
"624","Frederick County",1992,"MOTOR VEHICLE THEFT",241
"625","Frederick County",1993,"ROBBERY",103
"626","Frederick County",1993,"AGGRAVATED ASSAULT",758
"627","Frederick County",1993,"BREAKING & ENTERING",900
"628","Frederick County",1993,"MOTOR VEHICLE THEFT",261
"629","Frederick County",1994,"ROBBERY",109
"630","Frederick County",1994,"AGGRAVATED ASSAULT",559
"631","Frederick County",1994,"BREAKING & ENTERING",777
"632","Frederick County",1994,"MOTOR VEHICLE THEFT",258
"633","Frederick County",1995,"ROBBERY",141
"634","Frederick County",1995,"AGGRAVATED ASSAULT",555
"635","Frederick County",1995,"BREAKING & ENTERING",812
"636","Frederick County",1995,"MOTOR VEHICLE THEFT",267
"637","Frederick County",1996,"ROBBERY",128
"638","Frederick County",1996,"AGGRAVATED ASSAULT",782
"639","Frederick County",1996,"BREAKING & ENTERING",691
"640","Frederick County",1996,"MOTOR VEHICLE THEFT",239
"641","Frederick County",1997,"ROBBERY",136
"642","Frederick County",1997,"AGGRAVATED ASSAULT",529
"643","Frederick County",1997,"BREAKING & ENTERING",757
"644","Frederick County",1997,"MOTOR VEHICLE THEFT",230
"645","Frederick County",1998,"ROBBERY",96
"646","Frederick County",1998,"AGGRAVATED ASSAULT",528
"647","Frederick County",1998,"BREAKING & ENTERING",829
"648","Frederick County",1998,"MOTOR VEHICLE THEFT",213
"649","Frederick County",1999,"ROBBERY",134
"650","Frederick County",1999,"AGGRAVATED ASSAULT",531
"651","Frederick County",1999,"BREAKING & ENTERING",782
"652","Frederick County",1999,"MOTOR VEHICLE THEFT",252
"653","Frederick County",2000,"ROBBERY",119
"654","Frederick County",2000,"AGGRAVATED ASSAULT",732
"655","Frederick County",2000,"BREAKING & ENTERING",767
"656","Frederick County",2000,"MOTOR VEHICLE THEFT",265
"657","Frederick County",2001,"ROBBERY",134
"658","Frederick County",2001,"AGGRAVATED ASSAULT",787
"659","Frederick County",2001,"BREAKING & ENTERING",698
"660","Frederick County",2001,"MOTOR VEHICLE THEFT",255
"661","Frederick County",2002,"ROBBERY",148
"662","Frederick County",2002,"AGGRAVATED ASSAULT",691
"663","Frederick County",2002,"BREAKING & ENTERING",802
"664","Frederick County",2002,"MOTOR VEHICLE THEFT",263
"665","Frederick County",2003,"ROBBERY",118
"666","Frederick County",2003,"AGGRAVATED ASSAULT",675
"667","Frederick County",2003,"BREAKING & ENTERING",765
"668","Frederick County",2003,"MOTOR VEHICLE THEFT",240
"669","Frederick County",2004,"ROBBERY",177
"670","Frederick County",2004,"AGGRAVATED ASSAULT",656
"671","Frederick County",2004,"BREAKING & ENTERING",657
"672","Frederick County",2004,"MOTOR VEHICLE THEFT",221
"673","Frederick County",2005,"ROBBERY",148
"674","Frederick County",2005,"AGGRAVATED ASSAULT",557
"675","Frederick County",2005,"BREAKING & ENTERING",672
"676","Frederick County",2005,"MOTOR VEHICLE THEFT",197
"677","Frederick County",2006,"ROBBERY",181
"678","Frederick County",2006,"AGGRAVATED ASSAULT",527
"679","Frederick County",2006,"BREAKING & ENTERING",872
"680","Frederick County",2006,"MOTOR VEHICLE THEFT",224
"681","Frederick County",2007,"ROBBERY",134
"682","Frederick County",2007,"AGGRAVATED ASSAULT",631
"683","Frederick County",2007,"BREAKING & ENTERING",637
"684","Frederick County",2007,"MOTOR VEHICLE THEFT",247
"685","Frederick County",2008,"ROBBERY",154
"686","Frederick County",2008,"AGGRAVATED ASSAULT",612
"687","Frederick County",2008,"BREAKING & ENTERING",741
"688","Frederick County",2008,"MOTOR VEHICLE THEFT",239
"689","Frederick County",2009,"ROBBERY",179
"690","Frederick County",2009,"AGGRAVATED ASSAULT",572
"691","Frederick County",2009,"BREAKING & ENTERING",687
"692","Frederick County",2009,"MOTOR VEHICLE THEFT",175
"693","Frederick County",2010,"ROBBERY",205
"694","Frederick County",2010,"AGGRAVATED ASSAULT",486
"695","Frederick County",2010,"BREAKING & ENTERING",692
"696","Frederick County",2010,"MOTOR VEHICLE THEFT",178
"697","Frederick County",2011,"ROBBERY",127
"698","Frederick County",2011,"AGGRAVATED ASSAULT",432
"699","Frederick County",2011,"BREAKING & ENTERING",699
"700","Frederick County",2011,"MOTOR VEHICLE THEFT",174
"701","Frederick County",2012,"ROBBERY",131
"702","Frederick County",2012,"AGGRAVATED ASSAULT",438
"703","Frederick County",2012,"BREAKING & ENTERING",675
"704","Frederick County",2012,"MOTOR VEHICLE THEFT",198
"705","Frederick County",2013,"ROBBERY",141
"706","Frederick County",2013,"AGGRAVATED ASSAULT",450
"707","Frederick County",2013,"BREAKING & ENTERING",742
"708","Frederick County",2013,"MOTOR VEHICLE THEFT",150
"709","Frederick County",2014,"ROBBERY",113
"710","Frederick County",2014,"AGGRAVATED ASSAULT",448
"711","Frederick County",2014,"BREAKING & ENTERING",625
"712","Frederick County",2014,"MOTOR VEHICLE THEFT",83
"713","Frederick County",2015,"ROBBERY",107
"714","Frederick County",2015,"AGGRAVATED ASSAULT",448
"715","Frederick County",2015,"BREAKING & ENTERING",591
"716","Frederick County",2015,"MOTOR VEHICLE THEFT",110
"717","Frederick County",2016,"ROBBERY",104
"718","Frederick County",2016,"AGGRAVATED ASSAULT",456
"719","Frederick County",2016,"BREAKING & ENTERING",465
"720","Frederick County",2016,"MOTOR VEHICLE THEFT",118
"721","Frederick County",2017,"ROBBERY",123
"722","Frederick County",2017,"AGGRAVATED ASSAULT",517
"723","Frederick County",2017,"BREAKING & ENTERING",428
"724","Frederick County",2017,"MOTOR VEHICLE THEFT",104
"725","Frederick County",2018,"ROBBERY",103
"726","Frederick County",2018,"AGGRAVATED ASSAULT",370
"727","Frederick County",2018,"BREAKING & ENTERING",364
"728","Frederick County",2018,"MOTOR VEHICLE THEFT",107
"729","Frederick County",2019,"ROBBERY",87
"730","Frederick County",2019,"AGGRAVATED ASSAULT",419
"731","Frederick County",2019,"BREAKING & ENTERING",412
"732","Frederick County",2019,"MOTOR VEHICLE THEFT",116
"733","Frederick County",2020,"ROBBERY",68
"734","Frederick County",2020,"AGGRAVATED ASSAULT",330
"735","Frederick County",2020,"BREAKING & ENTERING",243
"736","Frederick County",2020,"MOTOR VEHICLE THEFT",110
"737","Montgomery County",1975,"ROBBERY",651
"738","Montgomery County",1975,"AGGRAVATED ASSAULT",367
"739","Montgomery County",1975,"BREAKING & ENTERING",5860
"740","Montgomery County",1975,"MOTOR VEHICLE THEFT",2029
"741","Montgomery County",1976,"ROBBERY",638
"742","Montgomery County",1976,"AGGRAVATED ASSAULT",360
"743","Montgomery County",1976,"BREAKING & ENTERING",5584
"744","Montgomery County",1976,"MOTOR VEHICLE THEFT",1655
"745","Montgomery County",1977,"ROBBERY",520
"746","Montgomery County",1977,"AGGRAVATED ASSAULT",462
"747","Montgomery County",1977,"BREAKING & ENTERING",5766
"748","Montgomery County",1977,"MOTOR VEHICLE THEFT",1739
"749","Montgomery County",1978,"ROBBERY",595
"750","Montgomery County",1978,"AGGRAVATED ASSAULT",598
"751","Montgomery County",1978,"BREAKING & ENTERING",5932
"752","Montgomery County",1978,"MOTOR VEHICLE THEFT",1731
"753","Montgomery County",1979,"ROBBERY",606
"754","Montgomery County",1979,"AGGRAVATED ASSAULT",670
"755","Montgomery County",1979,"BREAKING & ENTERING",6522
"756","Montgomery County",1979,"MOTOR VEHICLE THEFT",2163
"757","Montgomery County",1980,"ROBBERY",852
"758","Montgomery County",1980,"AGGRAVATED ASSAULT",553
"759","Montgomery County",1980,"BREAKING & ENTERING",8348
"760","Montgomery County",1980,"MOTOR VEHICLE THEFT",1938
"761","Montgomery County",1981,"ROBBERY",955
"762","Montgomery County",1981,"AGGRAVATED ASSAULT",733
"763","Montgomery County",1981,"BREAKING & ENTERING",7135
"764","Montgomery County",1981,"MOTOR VEHICLE THEFT",2000
"765","Montgomery County",1982,"ROBBERY",729
"766","Montgomery County",1982,"AGGRAVATED ASSAULT",879
"767","Montgomery County",1982,"BREAKING & ENTERING",5960
"768","Montgomery County",1982,"MOTOR VEHICLE THEFT",1687
"769","Montgomery County",1983,"ROBBERY",665
"770","Montgomery County",1983,"AGGRAVATED ASSAULT",716
"771","Montgomery County",1983,"BREAKING & ENTERING",5047
"772","Montgomery County",1983,"MOTOR VEHICLE THEFT",1401
"773","Montgomery County",1984,"ROBBERY",636
"774","Montgomery County",1984,"AGGRAVATED ASSAULT",845
"775","Montgomery County",1984,"BREAKING & ENTERING",5112
"776","Montgomery County",1984,"MOTOR VEHICLE THEFT",1601
"777","Montgomery County",1985,"ROBBERY",728
"778","Montgomery County",1985,"AGGRAVATED ASSAULT",892
"779","Montgomery County",1985,"BREAKING & ENTERING",5430
"780","Montgomery County",1985,"MOTOR VEHICLE THEFT",1986
"781","Montgomery County",1986,"ROBBERY",695
"782","Montgomery County",1986,"AGGRAVATED ASSAULT",900
"783","Montgomery County",1986,"BREAKING & ENTERING",5010
"784","Montgomery County",1986,"MOTOR VEHICLE THEFT",2291
"785","Montgomery County",1987,"ROBBERY",738
"786","Montgomery County",1987,"AGGRAVATED ASSAULT",928
"787","Montgomery County",1987,"BREAKING & ENTERING",5338
"788","Montgomery County",1987,"MOTOR VEHICLE THEFT",2640
"789","Montgomery County",1988,"ROBBERY",812
"790","Montgomery County",1988,"AGGRAVATED ASSAULT",973
"791","Montgomery County",1988,"BREAKING & ENTERING",5529
"792","Montgomery County",1988,"MOTOR VEHICLE THEFT",3218
"793","Montgomery County",1989,"ROBBERY",866
"794","Montgomery County",1989,"AGGRAVATED ASSAULT",900
"795","Montgomery County",1989,"BREAKING & ENTERING",4505
"796","Montgomery County",1989,"MOTOR VEHICLE THEFT",3010
"797","Montgomery County",1990,"ROBBERY",863
"798","Montgomery County",1990,"AGGRAVATED ASSAULT",1106
"799","Montgomery County",1990,"BREAKING & ENTERING",4973
"800","Montgomery County",1990,"MOTOR VEHICLE THEFT",3023
"801","Montgomery County",1991,"ROBBERY",1045
"802","Montgomery County",1991,"AGGRAVATED ASSAULT",1281
"803","Montgomery County",1991,"BREAKING & ENTERING",5263
"804","Montgomery County",1991,"MOTOR VEHICLE THEFT",3378
"805","Montgomery County",1992,"ROBBERY",993
"806","Montgomery County",1992,"AGGRAVATED ASSAULT",1296
"807","Montgomery County",1992,"BREAKING & ENTERING",4971
"808","Montgomery County",1992,"MOTOR VEHICLE THEFT",3134
"809","Montgomery County",1993,"ROBBERY",903
"810","Montgomery County",1993,"AGGRAVATED ASSAULT",1135
"811","Montgomery County",1993,"BREAKING & ENTERING",4648
"812","Montgomery County",1993,"MOTOR VEHICLE THEFT",3159
"813","Montgomery County",1994,"ROBBERY",937
"814","Montgomery County",1994,"AGGRAVATED ASSAULT",1145
"815","Montgomery County",1994,"BREAKING & ENTERING",4625
"816","Montgomery County",1994,"MOTOR VEHICLE THEFT",3370
"817","Montgomery County",1995,"ROBBERY",1088
"818","Montgomery County",1995,"AGGRAVATED ASSAULT",1190
"819","Montgomery County",1995,"BREAKING & ENTERING",4817
"820","Montgomery County",1995,"MOTOR VEHICLE THEFT",3388
"821","Montgomery County",1996,"ROBBERY",1038
"822","Montgomery County",1996,"AGGRAVATED ASSAULT",1075
"823","Montgomery County",1996,"BREAKING & ENTERING",4670
"824","Montgomery County",1996,"MOTOR VEHICLE THEFT",3329
"825","Montgomery County",1997,"ROBBERY",913
"826","Montgomery County",1997,"AGGRAVATED ASSAULT",1171
"827","Montgomery County",1997,"BREAKING & ENTERING",4144
"828","Montgomery County",1997,"MOTOR VEHICLE THEFT",3226
"829","Montgomery County",1998,"ROBBERY",796
"830","Montgomery County",1998,"AGGRAVATED ASSAULT",1038
"831","Montgomery County",1998,"BREAKING & ENTERING",4218
"832","Montgomery County",1998,"MOTOR VEHICLE THEFT",2815
"833","Montgomery County",1999,"ROBBERY",713
"834","Montgomery County",1999,"AGGRAVATED ASSAULT",830
"835","Montgomery County",1999,"BREAKING & ENTERING",3873
"836","Montgomery County",1999,"MOTOR VEHICLE THEFT",2667
"837","Montgomery County",2000,"ROBBERY",813
"838","Montgomery County",2000,"AGGRAVATED ASSAULT",871
"839","Montgomery County",2000,"BREAKING & ENTERING",3777
"840","Montgomery County",2000,"MOTOR VEHICLE THEFT",2904
"841","Montgomery County",2001,"ROBBERY",895
"842","Montgomery County",2001,"AGGRAVATED ASSAULT",912
"843","Montgomery County",2001,"BREAKING & ENTERING",3707
"844","Montgomery County",2001,"MOTOR VEHICLE THEFT",3353
"845","Montgomery County",2002,"ROBBERY",977
"846","Montgomery County",2002,"AGGRAVATED ASSAULT",950
"847","Montgomery County",2002,"BREAKING & ENTERING",3996
"848","Montgomery County",2002,"MOTOR VEHICLE THEFT",3958
"849","Montgomery County",2003,"ROBBERY",1076
"850","Montgomery County",2003,"AGGRAVATED ASSAULT",1015
"851","Montgomery County",2003,"BREAKING & ENTERING",4273
"852","Montgomery County",2003,"MOTOR VEHICLE THEFT",3676
"853","Montgomery County",2004,"ROBBERY",856
"854","Montgomery County",2004,"AGGRAVATED ASSAULT",1037
"855","Montgomery County",2004,"BREAKING & ENTERING",3893
"856","Montgomery County",2004,"MOTOR VEHICLE THEFT",2730
"857","Montgomery County",2005,"ROBBERY",1109
"858","Montgomery County",2005,"AGGRAVATED ASSAULT",909
"859","Montgomery County",2005,"BREAKING & ENTERING",3729
"860","Montgomery County",2005,"MOTOR VEHICLE THEFT",2671
"861","Montgomery County",2006,"ROBBERY",1261
"862","Montgomery County",2006,"AGGRAVATED ASSAULT",879
"863","Montgomery County",2006,"BREAKING & ENTERING",3932
"864","Montgomery County",2006,"MOTOR VEHICLE THEFT",2640
"865","Montgomery County",2007,"ROBBERY",1189
"866","Montgomery County",2007,"AGGRAVATED ASSAULT",865
"867","Montgomery County",2007,"BREAKING & ENTERING",3708
"868","Montgomery County",2007,"MOTOR VEHICLE THEFT",2634
"869","Montgomery County",2008,"ROBBERY",1192
"870","Montgomery County",2008,"AGGRAVATED ASSAULT",882
"871","Montgomery County",2008,"BREAKING & ENTERING",3760
"872","Montgomery County",2008,"MOTOR VEHICLE THEFT",2384
"873","Montgomery County",2009,"ROBBERY",1062
"874","Montgomery County",2009,"AGGRAVATED ASSAULT",957
"875","Montgomery County",2009,"BREAKING & ENTERING",3142
"876","Montgomery County",2009,"MOTOR VEHICLE THEFT",1824
"877","Montgomery County",2010,"ROBBERY",975
"878","Montgomery County",2010,"AGGRAVATED ASSAULT",683
"879","Montgomery County",2010,"BREAKING & ENTERING",3486
"880","Montgomery County",2010,"MOTOR VEHICLE THEFT",1530
"881","Montgomery County",2011,"ROBBERY",878
"882","Montgomery County",2011,"AGGRAVATED ASSAULT",681
"883","Montgomery County",2011,"BREAKING & ENTERING",3203
"884","Montgomery County",2011,"MOTOR VEHICLE THEFT",1278
"885","Montgomery County",2012,"ROBBERY",878
"886","Montgomery County",2012,"AGGRAVATED ASSAULT",876
"887","Montgomery County",2012,"BREAKING & ENTERING",2685
"888","Montgomery County",2012,"MOTOR VEHICLE THEFT",1073
"889","Montgomery County",2013,"ROBBERY",812
"890","Montgomery County",2013,"AGGRAVATED ASSAULT",813
"891","Montgomery County",2013,"BREAKING & ENTERING",2728
"892","Montgomery County",2013,"MOTOR VEHICLE THEFT",913
"893","Montgomery County",2014,"ROBBERY",661
"894","Montgomery County",2014,"AGGRAVATED ASSAULT",934
"895","Montgomery County",2014,"BREAKING & ENTERING",2442
"896","Montgomery County",2014,"MOTOR VEHICLE THEFT",753
"897","Montgomery County",2015,"ROBBERY",641
"898","Montgomery County",2015,"AGGRAVATED ASSAULT",1087
"899","Montgomery County",2015,"BREAKING & ENTERING",1946
"900","Montgomery County",2015,"MOTOR VEHICLE THEFT",768
"901","Montgomery County",2016,"ROBBERY",698
"902","Montgomery County",2016,"AGGRAVATED ASSAULT",783
"903","Montgomery County",2016,"BREAKING & ENTERING",1961
"904","Montgomery County",2016,"MOTOR VEHICLE THEFT",872
"905","Montgomery County",2017,"ROBBERY",737
"906","Montgomery County",2017,"AGGRAVATED ASSAULT",805
"907","Montgomery County",2017,"BREAKING & ENTERING",1658
"908","Montgomery County",2017,"MOTOR VEHICLE THEFT",828
"909","Montgomery County",2018,"ROBBERY",582
"910","Montgomery County",2018,"AGGRAVATED ASSAULT",840
"911","Montgomery County",2018,"BREAKING & ENTERING",1449
"912","Montgomery County",2018,"MOTOR VEHICLE THEFT",784
"913","Montgomery County",2019,"ROBBERY",580
"914","Montgomery County",2019,"AGGRAVATED ASSAULT",853
"915","Montgomery County",2019,"BREAKING & ENTERING",1425
"916","Montgomery County",2019,"MOTOR VEHICLE THEFT",888
"917","Montgomery County",2020,"ROBBERY",460
"918","Montgomery County",2020,"AGGRAVATED ASSAULT",912
"919","Montgomery County",2020,"BREAKING & ENTERING",1300
"920","Montgomery County",2020,"MOTOR VEHICLE THEFT",1137
"921","Prince George's County",1975,"ROBBERY",2445
"922","Prince George's County",1975,"AGGRAVATED ASSAULT",2024
"923","Prince George's County",1975,"BREAKING & ENTERING",11342
"924","Prince George's County",1975,"MOTOR VEHICLE THEFT",4722
"925","Prince George's County",1976,"ROBBERY",2205
"926","Prince George's County",1976,"AGGRAVATED ASSAULT",1962
"927","Prince George's County",1976,"BREAKING & ENTERING",11448
"928","Prince George's County",1976,"MOTOR VEHICLE THEFT",4172
"929","Prince George's County",1977,"ROBBERY",2204
"930","Prince George's County",1977,"AGGRAVATED ASSAULT",1915
"931","Prince George's County",1977,"BREAKING & ENTERING",11939
"932","Prince George's County",1977,"MOTOR VEHICLE THEFT",3521
"933","Prince George's County",1978,"ROBBERY",2295
"934","Prince George's County",1978,"AGGRAVATED ASSAULT",2022
"935","Prince George's County",1978,"BREAKING & ENTERING",12325
"936","Prince George's County",1978,"MOTOR VEHICLE THEFT",4044
"937","Prince George's County",1979,"ROBBERY",2613
"938","Prince George's County",1979,"AGGRAVATED ASSAULT",2314
"939","Prince George's County",1979,"BREAKING & ENTERING",12417
"940","Prince George's County",1979,"MOTOR VEHICLE THEFT",4466
"941","Prince George's County",1980,"ROBBERY",3314
"942","Prince George's County",1980,"AGGRAVATED ASSAULT",2261
"943","Prince George's County",1980,"BREAKING & ENTERING",14298
"944","Prince George's County",1980,"MOTOR VEHICLE THEFT",4458
"945","Prince George's County",1981,"ROBBERY",3841
"946","Prince George's County",1981,"AGGRAVATED ASSAULT",2185
"947","Prince George's County",1981,"BREAKING & ENTERING",14643
"948","Prince George's County",1981,"MOTOR VEHICLE THEFT",4565
"949","Prince George's County",1982,"ROBBERY",2998
"950","Prince George's County",1982,"AGGRAVATED ASSAULT",2257
"951","Prince George's County",1982,"BREAKING & ENTERING",12622
"952","Prince George's County",1982,"MOTOR VEHICLE THEFT",4587
"953","Prince George's County",1983,"ROBBERY",2742
"954","Prince George's County",1983,"AGGRAVATED ASSAULT",2305
"955","Prince George's County",1983,"BREAKING & ENTERING",10323
"956","Prince George's County",1983,"MOTOR VEHICLE THEFT",4321
"957","Prince George's County",1984,"ROBBERY",2400
"958","Prince George's County",1984,"AGGRAVATED ASSAULT",2576
"959","Prince George's County",1984,"BREAKING & ENTERING",9784
"960","Prince George's County",1984,"MOTOR VEHICLE THEFT",4574
"961","Prince George's County",1985,"ROBBERY",2567
"962","Prince George's County",1985,"AGGRAVATED ASSAULT",2944
"963","Prince George's County",1985,"BREAKING & ENTERING",10156
"964","Prince George's County",1985,"MOTOR VEHICLE THEFT",5920
"965","Prince George's County",1986,"ROBBERY",2441
"966","Prince George's County",1986,"AGGRAVATED ASSAULT",3329
"967","Prince George's County",1986,"BREAKING & ENTERING",10028
"968","Prince George's County",1986,"MOTOR VEHICLE THEFT",7324
"969","Prince George's County",1987,"ROBBERY",2574
"970","Prince George's County",1987,"AGGRAVATED ASSAULT",3444
"971","Prince George's County",1987,"BREAKING & ENTERING",10065
"972","Prince George's County",1987,"MOTOR VEHICLE THEFT",7921
"973","Prince George's County",1988,"ROBBERY",2856
"974","Prince George's County",1988,"AGGRAVATED ASSAULT",3532
"975","Prince George's County",1988,"BREAKING & ENTERING",10190
"976","Prince George's County",1988,"MOTOR VEHICLE THEFT",10035
"977","Prince George's County",1989,"ROBBERY",3517
"978","Prince George's County",1989,"AGGRAVATED ASSAULT",3468
"979","Prince George's County",1989,"BREAKING & ENTERING",9981
"980","Prince George's County",1989,"MOTOR VEHICLE THEFT",10391
"981","Prince George's County",1990,"ROBBERY",4033
"982","Prince George's County",1990,"AGGRAVATED ASSAULT",3879
"983","Prince George's County",1990,"BREAKING & ENTERING",9989
"984","Prince George's County",1990,"MOTOR VEHICLE THEFT",10199
"985","Prince George's County",1991,"ROBBERY",4227
"986","Prince George's County",1991,"AGGRAVATED ASSAULT",3837
"987","Prince George's County",1991,"BREAKING & ENTERING",9838
"988","Prince George's County",1991,"MOTOR VEHICLE THEFT",9973
"989","Prince George's County",1992,"ROBBERY",3786
"990","Prince George's County",1992,"AGGRAVATED ASSAULT",3917
"991","Prince George's County",1992,"BREAKING & ENTERING",9882
"992","Prince George's County",1992,"MOTOR VEHICLE THEFT",10210
"993","Prince George's County",1993,"ROBBERY",4400
"994","Prince George's County",1993,"AGGRAVATED ASSAULT",3993
"995","Prince George's County",1993,"BREAKING & ENTERING",10323
"996","Prince George's County",1993,"MOTOR VEHICLE THEFT",9344
"997","Prince George's County",1994,"ROBBERY",3984
"998","Prince George's County",1994,"AGGRAVATED ASSAULT",3815
"999","Prince George's County",1994,"BREAKING & ENTERING",10352
"1000","Prince George's County",1994,"MOTOR VEHICLE THEFT",9477
"1001","Prince George's County",1995,"ROBBERY",4403
"1002","Prince George's County",1995,"AGGRAVATED ASSAULT",4031
"1003","Prince George's County",1995,"BREAKING & ENTERING",10231
"1004","Prince George's County",1995,"MOTOR VEHICLE THEFT",10864
"1005","Prince George's County",1996,"ROBBERY",4078
"1006","Prince George's County",1996,"AGGRAVATED ASSAULT",4499
"1007","Prince George's County",1996,"BREAKING & ENTERING",9319
"1008","Prince George's County",1996,"MOTOR VEHICLE THEFT",11644
"1009","Prince George's County",1997,"ROBBERY",3263
"1010","Prince George's County",1997,"AGGRAVATED ASSAULT",3579
"1011","Prince George's County",1997,"BREAKING & ENTERING",9203
"1012","Prince George's County",1997,"MOTOR VEHICLE THEFT",9287
"1013","Prince George's County",1998,"ROBBERY",3146
"1014","Prince George's County",1998,"AGGRAVATED ASSAULT",4310
"1015","Prince George's County",1998,"BREAKING & ENTERING",8913
"1016","Prince George's County",1998,"MOTOR VEHICLE THEFT",9836
"1017","Prince George's County",1999,"ROBBERY",2474
"1018","Prince George's County",1999,"AGGRAVATED ASSAULT",3827
"1019","Prince George's County",1999,"BREAKING & ENTERING",7985
"1020","Prince George's County",1999,"MOTOR VEHICLE THEFT",8619
"1021","Prince George's County",2000,"ROBBERY",2937
"1022","Prince George's County",2000,"AGGRAVATED ASSAULT",4172
"1023","Prince George's County",2000,"BREAKING & ENTERING",7042
"1024","Prince George's County",2000,"MOTOR VEHICLE THEFT",9881
"1025","Prince George's County",2001,"ROBBERY",3916
"1026","Prince George's County",2001,"AGGRAVATED ASSAULT",3974
"1027","Prince George's County",2001,"BREAKING & ENTERING",8914
"1028","Prince George's County",2001,"MOTOR VEHICLE THEFT",13670
"1029","Prince George's County",2002,"ROBBERY",4056
"1030","Prince George's County",2002,"AGGRAVATED ASSAULT",4007
"1031","Prince George's County",2002,"BREAKING & ENTERING",8561
"1032","Prince George's County",2002,"MOTOR VEHICLE THEFT",16991
"1033","Prince George's County",2003,"ROBBERY",4148
"1034","Prince George's County",2003,"AGGRAVATED ASSAULT",3439
"1035","Prince George's County",2003,"BREAKING & ENTERING",8483
"1036","Prince George's County",2003,"MOTOR VEHICLE THEFT",17628
"1037","Prince George's County",2004,"ROBBERY",4100
"1038","Prince George's County",2004,"AGGRAVATED ASSAULT",3649
"1039","Prince George's County",2004,"BREAKING & ENTERING",7460
"1040","Prince George's County",2004,"MOTOR VEHICLE THEFT",18482
"1041","Prince George's County",2005,"ROBBERY",5172
"1042","Prince George's County",2005,"AGGRAVATED ASSAULT",3856
"1043","Prince George's County",2005,"BREAKING & ENTERING",7445
"1044","Prince George's County",2005,"MOTOR VEHICLE THEFT",17242
"1045","Prince George's County",2006,"ROBBERY",4094
"1046","Prince George's County",2006,"AGGRAVATED ASSAULT",3970
"1047","Prince George's County",2006,"BREAKING & ENTERING",6903
"1048","Prince George's County",2006,"MOTOR VEHICLE THEFT",12944
"1049","Prince George's County",2007,"ROBBERY",3831
"1050","Prince George's County",2007,"AGGRAVATED ASSAULT",3276
"1051","Prince George's County",2007,"BREAKING & ENTERING",7188
"1052","Prince George's County",2007,"MOTOR VEHICLE THEFT",11646
"1053","Prince George's County",2008,"ROBBERY",3765
"1054","Prince George's County",2008,"AGGRAVATED ASSAULT",3263
"1055","Prince George's County",2008,"BREAKING & ENTERING",8209
"1056","Prince George's County",2008,"MOTOR VEHICLE THEFT",9743
"1057","Prince George's County",2009,"ROBBERY",3324
"1058","Prince George's County",2009,"AGGRAVATED ASSAULT",2980
"1059","Prince George's County",2009,"BREAKING & ENTERING",8219
"1060","Prince George's County",2009,"MOTOR VEHICLE THEFT",7266
"1061","Prince George's County",2010,"ROBBERY",3126
"1062","Prince George's County",2010,"AGGRAVATED ASSAULT",2781
"1063","Prince George's County",2010,"BREAKING & ENTERING",8055
"1064","Prince George's County",2010,"MOTOR VEHICLE THEFT",6700
"1065","Prince George's County",2011,"ROBBERY",2545
"1066","Prince George's County",2011,"AGGRAVATED ASSAULT",2346
"1067","Prince George's County",2011,"BREAKING & ENTERING",6985
"1068","Prince George's County",2011,"MOTOR VEHICLE THEFT",5943
"1069","Prince George's County",2012,"ROBBERY",2450
"1070","Prince George's County",2012,"AGGRAVATED ASSAULT",2260
"1071","Prince George's County",2012,"BREAKING & ENTERING",6046
"1072","Prince George's County",2012,"MOTOR VEHICLE THEFT",5092
"1073","Prince George's County",2013,"ROBBERY",2012
"1074","Prince George's County",2013,"AGGRAVATED ASSAULT",2246
"1075","Prince George's County",2013,"BREAKING & ENTERING",5733
"1076","Prince George's County",2013,"MOTOR VEHICLE THEFT",4293
"1077","Prince George's County",2014,"ROBBERY",1846
"1078","Prince George's County",2014,"AGGRAVATED ASSAULT",2020
"1079","Prince George's County",2014,"BREAKING & ENTERING",4767
"1080","Prince George's County",2014,"MOTOR VEHICLE THEFT",4278
"1081","Prince George's County",2015,"ROBBERY",1704
"1082","Prince George's County",2015,"AGGRAVATED ASSAULT",2079
"1083","Prince George's County",2015,"BREAKING & ENTERING",3667
"1084","Prince George's County",2015,"MOTOR VEHICLE THEFT",3431
"1085","Prince George's County",2016,"ROBBERY",1534
"1086","Prince George's County",2016,"AGGRAVATED ASSAULT",1620
"1087","Prince George's County",2016,"BREAKING & ENTERING",2951
"1088","Prince George's County",2016,"MOTOR VEHICLE THEFT",3371
"1089","Prince George's County",2017,"ROBBERY",1252
"1090","Prince George's County",2017,"AGGRAVATED ASSAULT",1486
"1091","Prince George's County",2017,"BREAKING & ENTERING",2715
"1092","Prince George's County",2017,"MOTOR VEHICLE THEFT",3154
"1093","Prince George's County",2018,"ROBBERY",1163
"1094","Prince George's County",2018,"AGGRAVATED ASSAULT",1315
"1095","Prince George's County",2018,"BREAKING & ENTERING",2364
"1096","Prince George's County",2018,"MOTOR VEHICLE THEFT",2910
"1097","Prince George's County",2019,"ROBBERY",1211
"1098","Prince George's County",2019,"AGGRAVATED ASSAULT",1341
"1099","Prince George's County",2019,"BREAKING & ENTERING",1696
"1100","Prince George's County",2019,"MOTOR VEHICLE THEFT",2714
"1101","Prince George's County",2020,"ROBBERY",1299
"1102","Prince George's County",2020,"AGGRAVATED ASSAULT",1519
"1103","Prince George's County",2020,"BREAKING & ENTERING",1715
"1104","Prince George's County",2020,"MOTOR VEHICLE THEFT",2961
