"","Year","Month","Police.District.Name","num"
"1","2017","10","SILVER SPRING",909
"2","2017","09","SILVER SPRING",889
"3","2019","05","SILVER SPRING",885
"4","2017","08","SILVER SPRING",871
"5","2019","10","SILVER SPRING",868
"6","2017","05","SILVER SPRING",866
"7","2018","06","WHEATON",850
"8","2017","12","SILVER SPRING",840
"9","2016","12","SILVER SPRING",831
"10","2018","01","SILVER SPRING",830
"11","2016","07","SILVER SPRING",828
"12","2016","11","SILVER SPRING",826
"13","2017","04","SILVER SPRING",826
"14","2023","10","SILVER SPRING",826
"15","2018","08","SILVER SPRING",825
"16","2016","08","SILVER SPRING",815
"17","2018","07","SILVER SPRING",815
"18","2019","07","SILVER SPRING",811
"19","2018","07","WHEATON",809
"20","2023","07","SILVER SPRING",809
"21","2020","01","SILVER SPRING",806
"22","2017","11","SILVER SPRING",803
"23","2018","09","SILVER SPRING",801
"24","2017","01","WHEATON",799
"25","2017","03","WHEATON",799
"26","2018","04","SILVER SPRING",799
"27","2018","10","SILVER SPRING",797
"28","2016","10","SILVER SPRING",792
"29","2019","03","SILVER SPRING",792
"30","2017","07","WHEATON",789
"31","2017","10","WHEATON",787
"32","2016","07","WHEATON",786
"33","2017","01","SILVER SPRING",786
"34","2024","10","SILVER SPRING",785
"35","2017","02","SILVER SPRING",782
"36","2017","08","WHEATON",780
"37","2017","06","SILVER SPRING",778
"38","2019","06","SILVER SPRING",777
"39","2023","04","SILVER SPRING",777
"40","2018","03","SILVER SPRING",776
"41","2016","09","SILVER SPRING",774
"42","2019","11","SILVER SPRING",774
"43","2023","01","SILVER SPRING",763
"44","2017","05","WHEATON",760
"45","2016","12","WHEATON",758
"46","2019","04","SILVER SPRING",758
"47","2016","08","WHEATON",757
"48","2018","06","SILVER SPRING",757
"49","2019","12","SILVER SPRING",755
"50","2024","11","SILVER SPRING",754
"51","2023","10","MONTGOMERY VILLAGE",752
"52","2016","09","MONTGOMERY VILLAGE",751
"53","2023","05","SILVER SPRING",746
"54","2024","05","SILVER SPRING",746
"55","2016","09","WHEATON",743
"56","2018","12","SILVER SPRING",742
"57","2018","02","SILVER SPRING",739
"58","2022","12","SILVER SPRING",739
"59","2018","08","WHEATON",737
"60","2017","03","SILVER SPRING",733
"61","2023","03","WHEATON",733
"62","2019","09","SILVER SPRING",731
"63","2017","07","SILVER SPRING",730
"64","2016","10","WHEATON",725
"65","2022","09","SILVER SPRING",725
"66","2019","08","SILVER SPRING",724
"67","2018","03","WHEATON",723
"68","2023","03","SILVER SPRING",720
"69","2023","12","SILVER SPRING",720
"70","2017","12","WHEATON",717
"71","2018","05","WHEATON",717
"72","2023","09","SILVER SPRING",716
"73","2017","06","WHEATON",715
"74","2023","11","WHEATON",713
"75","2017","09","WHEATON",710
"76","2018","05","SILVER SPRING",708
"77","2016","08","MONTGOMERY VILLAGE",707
"78","2017","11","WHEATON",707
"79","2019","02","SILVER SPRING",705
"80","2023","11","SILVER SPRING",704
"81","2024","10","WHEATON",703
"82","2025","03","SILVER SPRING",703
"83","2016","07","MONTGOMERY VILLAGE",702
"84","2024","07","SILVER SPRING",701
"85","2018","01","WHEATON",697
"86","2018","11","WHEATON",695
"87","2020","01","WHEATON",695
"88","2023","06","SILVER SPRING",693
"89","2018","11","SILVER SPRING",692
"90","2019","05","WHEATON",690
"91","2023","02","SILVER SPRING",687
"92","2018","10","WHEATON",686
"93","2024","06","SILVER SPRING",686
"94","2025","04","SILVER SPRING",686
"95","2017","04","WHEATON",684
"96","2019","11","WHEATON",684
"97","2023","08","SILVER SPRING",683
"98","2024","09","SILVER SPRING",682
"99","2019","03","WHEATON",681
"100","2022","03","SILVER SPRING",681
"101","2018","09","WHEATON",680
"102","2019","07","WHEATON",677
"103","2022","08","SILVER SPRING",677
"104","2019","10","WHEATON",675
"105","2017","05","MONTGOMERY VILLAGE",672
"106","2019","01","SILVER SPRING",672
"107","2020","02","SILVER SPRING",670
"108","2019","06","WHEATON",669
"109","2022","07","SILVER SPRING",669
"110","2017","02","WHEATON",667
"111","2025","05","SILVER SPRING",666
"112","2017","09","MONTGOMERY VILLAGE",664
"113","2024","08","SILVER SPRING",663
"114","2020","03","SILVER SPRING",661
"115","2022","11","SILVER SPRING",660
"116","2018","04","WHEATON",658
"117","2023","04","WHEATON",658
"118","2020","03","WHEATON",657
"119","2024","07","WHEATON",657
"120","2022","10","SILVER SPRING",656
"121","2024","09","WHEATON",652
"122","2019","09","WHEATON",650
"123","2019","12","WHEATON",650
"124","2022","05","SILVER SPRING",650
"125","2024","01","WHEATON",650
"126","2018","12","WHEATON",648
"127","2017","11","MONTGOMERY VILLAGE",647
"128","2021","10","SILVER SPRING",647
"129","2016","10","MONTGOMERY VILLAGE",646
"130","2017","08","MONTGOMERY VILLAGE",638
"131","2023","08","MONTGOMERY VILLAGE",637
"132","2024","12","SILVER SPRING",637
"133","2017","10","MONTGOMERY VILLAGE",634
"134","2023","06","MONTGOMERY VILLAGE",634
"135","2024","05","WHEATON",634
"136","2016","11","WHEATON",633
"137","2024","02","SILVER SPRING",633
"138","2019","04","WHEATON",632
"139","2024","11","WHEATON",632
"140","2024","01","SILVER SPRING",631
"141","2017","07","MONTGOMERY VILLAGE",630
"142","2024","02","WHEATON",629
"143","2019","01","WHEATON",625
"144","2021","07","SILVER SPRING",625
"145","2024","03","WHEATON",625
"146","2021","03","SILVER SPRING",624
"147","2023","05","MONTGOMERY VILLAGE",624
"148","2016","11","MONTGOMERY VILLAGE",623
"149","2017","02","MONTGOMERY VILLAGE",623
"150","2021","11","SILVER SPRING",622
"151","2022","06","SILVER SPRING",622
"152","2019","08","MONTGOMERY VILLAGE",620
"153","2020","07","SILVER SPRING",620
"154","2021","12","SILVER SPRING",620
"155","2020","02","WHEATON",619
"156","2023","07","WHEATON",618
"157","2018","02","WHEATON",617
"158","2017","12","MONTGOMERY VILLAGE",616
"159","2018","08","MONTGOMERY VILLAGE",616
"160","2024","08","WHEATON",616
"161","2024","03","SILVER SPRING",615
"162","2016","12","MONTGOMERY VILLAGE",611
"163","2019","08","WHEATON",611
"164","2024","04","SILVER SPRING",610
"165","2023","11","MONTGOMERY VILLAGE",609
"166","2023","08","WHEATON",608
"167","2023","12","WHEATON",608
"168","2025","01","SILVER SPRING",608
"169","2025","02","SILVER SPRING",604
"170","2020","10","SILVER SPRING",600
"171","2020","12","SILVER SPRING",595
"172","2017","03","MONTGOMERY VILLAGE",594
"173","2022","02","SILVER SPRING",594
"174","2018","07","MONTGOMERY VILLAGE",592
"175","2022","12","WHEATON",592
"176","2020","05","SILVER SPRING",591
"177","2023","10","WHEATON",591
"178","2022","04","SILVER SPRING",589
"179","2024","09","MONTGOMERY VILLAGE",589
"180","2024","04","WHEATON",587
"181","2018","12","MONTGOMERY VILLAGE",586
"182","2022","09","WHEATON",585
"183","2019","10","MONTGOMERY VILLAGE",584
"184","2023","01","WHEATON",584
"185","2023","09","MONTGOMERY VILLAGE",581
"186","2020","08","SILVER SPRING",579
"187","2019","05","MONTGOMERY VILLAGE",578
"188","2020","11","SILVER SPRING",578
"189","2024","12","WHEATON",577
"190","2023","05","WHEATON",576
"191","2020","09","SILVER SPRING",575
"192","2022","09","MONTGOMERY VILLAGE",575
"193","2017","10","GERMANTOWN",574
"194","2021","06","SILVER SPRING",574
"195","2022","10","MONTGOMERY VILLAGE",573
"196","2023","07","MONTGOMERY VILLAGE",573
"197","2019","11","MONTGOMERY VILLAGE",572
"198","2021","09","SILVER SPRING",572
"199","2016","12","GERMANTOWN",571
"200","2017","06","MONTGOMERY VILLAGE",571
"201","2023","02","WHEATON",571
"202","2017","04","MONTGOMERY VILLAGE",570
"203","2019","07","MONTGOMERY VILLAGE",570
"204","2019","09","MONTGOMERY VILLAGE",569
"205","2022","08","MONTGOMERY VILLAGE",568
"206","2016","12","BETHESDA",565
"207","2022","07","MONTGOMERY VILLAGE",565
"208","2023","03","MONTGOMERY VILLAGE",565
"209","2021","08","SILVER SPRING",563
"210","2023","12","MONTGOMERY VILLAGE",561
"211","2025","06","SILVER SPRING",560
"212","2022","08","WHEATON",559
"213","2018","10","MONTGOMERY VILLAGE",558
"214","2018","05","MONTGOMERY VILLAGE",557
"215","2019","03","MONTGOMERY VILLAGE",552
"216","2021","12","WHEATON",551
"217","2017","01","MONTGOMERY VILLAGE",548
"218","2022","10","WHEATON",548
"219","2018","04","MONTGOMERY VILLAGE",546
"220","2018","11","MONTGOMERY VILLAGE",546
"221","2019","02","WHEATON",546
"222","2022","12","MONTGOMERY VILLAGE",546
"223","2020","08","MONTGOMERY VILLAGE",545
"224","2024","05","MONTGOMERY VILLAGE",544
"225","2024","08","MONTGOMERY VILLAGE",544
"226","2022","11","WHEATON",542
"227","2018","03","MONTGOMERY VILLAGE",541
"228","2021","10","MONTGOMERY VILLAGE",541
"229","2022","01","WHEATON",540
"230","2020","12","MONTGOMERY VILLAGE",538
"231","2022","10","BETHESDA",537
"232","2024","01","MONTGOMERY VILLAGE",537
"233","2024","07","MONTGOMERY VILLAGE",536
"234","2018","02","MONTGOMERY VILLAGE",535
"235","2024","06","WHEATON",534
"236","2020","09","WHEATON",532
"237","2020","01","MONTGOMERY VILLAGE",531
"238","2020","05","WHEATON",531
"239","2020","11","MONTGOMERY VILLAGE",531
"240","2020","02","MONTGOMERY VILLAGE",530
"241","2022","01","SILVER SPRING",530
"242","2022","03","BETHESDA",529
"243","2021","04","SILVER SPRING",528
"244","2023","09","WHEATON",527
"245","2016","09","BETHESDA",526
"246","2017","06","ROCKVILLE",526
"247","2021","09","MONTGOMERY VILLAGE",526
"248","2022","03","WHEATON",526
"249","2024","10","MONTGOMERY VILLAGE",525
"250","2017","11","GERMANTOWN",523
"251","2018","06","GERMANTOWN",523
"252","2019","06","MONTGOMERY VILLAGE",523
"253","2021","01","SILVER SPRING",523
"254","2021","05","SILVER SPRING",523
"255","2017","04","BETHESDA",522
"256","2018","09","MONTGOMERY VILLAGE",521
"257","2023","01","MONTGOMERY VILLAGE",521
"258","2023","05","BETHESDA",520
"259","2023","06","WHEATON",520
"260","2018","01","MONTGOMERY VILLAGE",519
"261","2022","08","BETHESDA",519
"262","2025","03","WHEATON",519
"263","2019","03","BETHESDA",518
"264","2020","04","SILVER SPRING",518
"265","2020","07","MONTGOMERY VILLAGE",517
"266","2022","03","MONTGOMERY VILLAGE",517
"267","2020","10","WHEATON",516
"268","2020","12","WHEATON",516
"269","2024","05","BETHESDA",516
"270","2019","04","MONTGOMERY VILLAGE",515
"271","2020","03","MONTGOMERY VILLAGE",514
"272","2025","05","MONTGOMERY VILLAGE",514
"273","2024","02","MONTGOMERY VILLAGE",513
"274","2016","08","BETHESDA",512
"275","2020","09","MONTGOMERY VILLAGE",512
"276","2021","10","WHEATON",512
"277","2025","07","SILVER SPRING",512
"278","2019","04","BETHESDA",511
"279","2021","10","BETHESDA",511
"280","2017","08","ROCKVILLE",510
"281","2018","06","MONTGOMERY VILLAGE",510
"282","2021","07","WHEATON",510
"283","2018","05","GERMANTOWN",509
"284","2016","10","ROCKVILLE",508
"285","2022","02","WHEATON",508
"286","2022","06","MONTGOMERY VILLAGE",508
"287","2020","06","SILVER SPRING",506
"288","2017","03","BETHESDA",505
"289","2017","06","BETHESDA",505
"290","2017","09","GERMANTOWN",505
"291","2018","07","GERMANTOWN",504
"292","2018","10","GERMANTOWN",503
"293","2021","06","WHEATON",503
"294","2021","12","BETHESDA",503
"295","2023","10","BETHESDA",503
"296","2020","11","WHEATON",502
"297","2023","06","BETHESDA",501
"298","2018","07","ROCKVILLE",500
"299","2021","03","WHEATON",500
"300","2023","04","BETHESDA",500
"301","2016","10","GERMANTOWN",499
"302","2020","10","MONTGOMERY VILLAGE",499
"303","2024","05","GERMANTOWN",499
"304","2018","04","GERMANTOWN",498
"305","2024","03","MONTGOMERY VILLAGE",498
"306","2017","08","BETHESDA",496
"307","2018","12","BETHESDA",496
"308","2019","12","MONTGOMERY VILLAGE",494
"309","2022","06","WHEATON",494
"310","2018","08","BETHESDA",492
"311","2017","10","ROCKVILLE",491
"312","2019","12","BETHESDA",491
"313","2022","01","BETHESDA",490
"314","2022","11","MONTGOMERY VILLAGE",490
"315","2017","09","BETHESDA",489
"316","2017","11","ROCKVILLE",489
"317","2020","07","WHEATON",489
"318","2024","06","MONTGOMERY VILLAGE",488
"319","2024","12","BETHESDA",486
"320","2017","01","BETHESDA",485
"321","2017","07","BETHESDA",485
"322","2023","02","MONTGOMERY VILLAGE",485
"323","2021","05","WHEATON",484
"324","2021","11","WHEATON",484
"325","2025","05","BETHESDA",484
"326","2025","05","WHEATON",484
"327","2022","05","MONTGOMERY VILLAGE",483
"328","2025","03","BETHESDA",483
"329","2018","11","BETHESDA",482
"330","2024","03","BETHESDA",482
"331","2022","07","WHEATON",480
"332","2024","11","MONTGOMERY VILLAGE",480
"333","2017","05","BETHESDA",479
"334","2019","11","BETHESDA",479
"335","2022","04","WHEATON",479
"336","2022","06","BETHESDA",478
"337","2025","01","WHEATON",478
"338","2017","12","ROCKVILLE",477
"339","2021","12","MONTGOMERY VILLAGE",477
"340","2025","04","WHEATON",477
"341","2021","09","WHEATON",476
"342","2023","04","MONTGOMERY VILLAGE",476
"343","2018","06","BETHESDA",475
"344","2019","01","MONTGOMERY VILLAGE",475
"345","2023","01","BETHESDA",475
"346","2021","08","MONTGOMERY VILLAGE",474
"347","2016","08","GERMANTOWN",473
"348","2017","07","GERMANTOWN",473
"349","2019","08","ROCKVILLE",473
"350","2024","07","BETHESDA",473
"351","2021","03","MONTGOMERY VILLAGE",472
"352","2018","09","GERMANTOWN",470
"353","2022","05","WHEATON",469
"354","2024","04","MONTGOMERY VILLAGE",469
"355","2016","10","BETHESDA",468
"356","2022","01","MONTGOMERY VILLAGE",467
"357","2018","11","GERMANTOWN",466
"358","2019","07","ROCKVILLE",466
"359","2020","08","WHEATON",466
"360","2025","06","MONTGOMERY VILLAGE",466
"361","2017","06","GERMANTOWN",465
"362","2018","08","ROCKVILLE",465
"363","2021","06","MONTGOMERY VILLAGE",465
"364","2025","01","BETHESDA",465
"365","2017","03","ROCKVILLE",464
"366","2017","08","GERMANTOWN",464
"367","2021","01","MONTGOMERY VILLAGE",464
"368","2025","02","WHEATON",464
"369","2025","06","WHEATON",464
"370","2018","08","GERMANTOWN",463
"371","2021","07","MONTGOMERY VILLAGE",463
"372","2022","04","BETHESDA",463
"373","2019","01","BETHESDA",462
"374","2021","10","GERMANTOWN",462
"375","2017","05","GERMANTOWN",461
"376","2022","04","MONTGOMERY VILLAGE",461
"377","2025","02","BETHESDA",461
"378","2018","12","GERMANTOWN",460
"379","2021","05","MONTGOMERY VILLAGE",460
"380","2023","08","BETHESDA",460
"381","2017","01","GERMANTOWN",459
"382","2017","02","BETHESDA",459
"383","2017","12","BETHESDA",459
"384","2020","09","BETHESDA",459
"385","2021","01","WHEATON",459
"386","2024","06","BETHESDA",459
"387","2022","02","MONTGOMERY VILLAGE",458
"388","2023","09","BETHESDA",458
"389","2023","11","BETHESDA",458
"390","2017","02","GERMANTOWN",457
"391","2018","06","ROCKVILLE",457
"392","2018","09","BETHESDA",457
"393","2022","05","BETHESDA",456
"394","2021","09","BETHESDA",455
"395","2022","02","BETHESDA",455
"396","2019","08","BETHESDA",454
"397","2016","07","GERMANTOWN",453
"398","2017","05","ROCKVILLE",453
"399","2021","11","MONTGOMERY VILLAGE",453
"400","2022","12","BETHESDA",453
"401","2016","07","BETHESDA",452
"402","2019","04","GERMANTOWN",452
"403","2020","06","BETHESDA",451
"404","2020","07","BETHESDA",451
"405","2020","12","BETHESDA",451
"406","2024","08","BETHESDA",451
"407","2018","05","BETHESDA",450
"408","2018","07","BETHESDA",450
"409","2021","04","MONTGOMERY VILLAGE",450
"410","2024","09","BETHESDA",450
"411","2019","05","ROCKVILLE",449
"412","2024","10","BETHESDA",449
"413","2025","04","MONTGOMERY VILLAGE",449
"414","2017","07","ROCKVILLE",448
"415","2017","10","BETHESDA",448
"416","2018","04","ROCKVILLE",448
"417","2020","01","BETHESDA",448
"418","2021","08","WHEATON",448
"419","2025","01","MONTGOMERY VILLAGE",448
"420","2022","03","ROCKVILLE",446
"421","2023","12","BETHESDA",445
"422","2017","01","ROCKVILLE",444
"423","2023","02","BETHESDA",444
"424","2017","03","GERMANTOWN",443
"425","2021","06","BETHESDA",443
"426","2018","10","ROCKVILLE",442
"427","2023","10","GERMANTOWN",442
"428","2025","03","MONTGOMERY VILLAGE",442
"429","2016","09","GERMANTOWN",441
"430","2019","03","ROCKVILLE",441
"431","2022","07","BETHESDA",441
"432","2017","09","ROCKVILLE",440
"433","2020","06","MONTGOMERY VILLAGE",440
"434","2016","11","BETHESDA",439
"435","2020","01","ROCKVILLE",439
"436","2020","10","BETHESDA",439
"437","2021","07","BETHESDA",439
"438","2024","11","BETHESDA",439
"439","2016","09","ROCKVILLE",438
"440","2021","11","BETHESDA",438
"441","2022","05","GERMANTOWN",438
"442","2022","11","BETHESDA",438
"443","2023","06","GERMANTOWN",438
"444","2018","04","BETHESDA",437
"445","2019","05","BETHESDA",437
"446","2019","11","ROCKVILLE",435
"447","2018","05","ROCKVILLE",434
"448","2018","12","ROCKVILLE",434
"449","2019","07","GERMANTOWN",434
"450","2021","02","SILVER SPRING",434
"451","2022","09","BETHESDA",433
"452","2019","02","MONTGOMERY VILLAGE",432
"453","2024","12","MONTGOMERY VILLAGE",432
"454","2018","10","BETHESDA",431
"455","2019","05","GERMANTOWN",431
"456","2023","05","GERMANTOWN",431
"457","2017","11","BETHESDA",428
"458","2021","07","GERMANTOWN",428
"459","2017","02","ROCKVILLE",426
"460","2018","01","GERMANTOWN",426
"461","2019","07","BETHESDA",426
"462","2020","02","GERMANTOWN",425
"463","2023","07","BETHESDA",425
"464","2019","10","BETHESDA",424
"465","2019","03","GERMANTOWN",423
"466","2019","12","GERMANTOWN",423
"467","2020","08","BETHESDA",423
"468","2024","01","BETHESDA",423
"469","2019","06","GERMANTOWN",422
"470","2018","03","ROCKVILLE",421
"471","2021","09","GERMANTOWN",421
"472","2021","03","BETHESDA",420
"473","2021","04","WHEATON",419
"474","2022","03","GERMANTOWN",419
"475","2022","10","GERMANTOWN",419
"476","2018","01","ROCKVILLE",417
"477","2018","01","BETHESDA",416
"478","2021","01","BETHESDA",415
"479","2023","11","GERMANTOWN",415
"480","2025","07","WHEATON",415
"481","2021","05","BETHESDA",414
"482","2023","03","BETHESDA",413
"483","2023","08","ROCKVILLE",413
"484","2020","01","GERMANTOWN",412
"485","2023","08","GERMANTOWN",412
"486","2024","05","ROCKVILLE",412
"487","2024","09","ROCKVILLE",412
"488","2016","07","ROCKVILLE",411
"489","2016","11","ROCKVILLE",411
"490","2024","04","BETHESDA",411
"491","2024","04","GERMANTOWN",411
"492","2019","08","GERMANTOWN",410
"493","2023","12","GERMANTOWN",410
"494","2019","12","ROCKVILLE",409
"495","2022","04","GERMANTOWN",409
"496","2020","02","BETHESDA",406
"497","2022","11","GERMANTOWN",406
"498","2025","05","GERMANTOWN",406
"499","2022","12","ROCKVILLE",405
"500","2023","03","GERMANTOWN",405
"501","2016","11","GERMANTOWN",404
"502","2019","04","ROCKVILLE",404
"503","2016","12","ROCKVILLE",403
"504","2018","09","ROCKVILLE",401
"505","2019","06","BETHESDA",401
"506","2019","10","ROCKVILLE",401
"507","2019","01","GERMANTOWN",398
"508","2021","02","MONTGOMERY VILLAGE",398
"509","2025","06","BETHESDA",398
"510","2018","03","GERMANTOWN",397
"511","2021","05","GERMANTOWN",397
"512","2021","08","BETHESDA",397
"513","2021","10","ROCKVILLE",397
"514","2022","06","GERMANTOWN",397
"515","2025","04","ROCKVILLE",397
"516","2017","12","GERMANTOWN",396
"517","2024","02","BETHESDA",395
"518","2019","06","ROCKVILLE",394
"519","2019","09","BETHESDA",394
"520","2019","10","GERMANTOWN",394
"521","2022","08","ROCKVILLE",394
"522","2019","02","BETHESDA",393
"523","2020","05","BETHESDA",393
"524","2020","07","GERMANTOWN",393
"525","2021","02","WHEATON",393
"526","2020","02","ROCKVILLE",392
"527","2020","03","GERMANTOWN",392
"528","2018","02","ROCKVILLE",391
"529","2019","01","ROCKVILLE",391
"530","2020","05","ROCKVILLE",391
"531","2018","02","BETHESDA",389
"532","2025","04","BETHESDA",388
"533","2018","11","ROCKVILLE",387
"534","2023","07","GERMANTOWN",387
"535","2019","09","GERMANTOWN",386
"536","2019","09","ROCKVILLE",386
"537","2019","11","GERMANTOWN",386
"538","2025","06","GERMANTOWN",386
"539","2023","01","ROCKVILLE",385
"540","2024","08","ROCKVILLE",384
"541","2024","10","GERMANTOWN",384
"542","2023","01","GERMANTOWN",383
"543","2023","09","ROCKVILLE",383
"544","2024","10","ROCKVILLE",383
"545","2017","04","GERMANTOWN",382
"546","2018","02","GERMANTOWN",382
"547","2020","08","GERMANTOWN",382
"548","2021","12","GERMANTOWN",381
"549","2025","03","GERMANTOWN",379
"550","2025","07","MONTGOMERY VILLAGE",379
"551","2020","11","BETHESDA",378
"552","2019","02","GERMANTOWN",377
"553","2024","06","GERMANTOWN",377
"554","2020","05","MONTGOMERY VILLAGE",376
"555","2021","06","GERMANTOWN",376
"556","2024","08","GERMANTOWN",376
"557","2022","11","ROCKVILLE",375
"558","2020","04","WHEATON",374
"559","2020","06","WHEATON",374
"560","2020","11","GERMANTOWN",374
"561","2024","04","ROCKVILLE",373
"562","2025","05","ROCKVILLE",373
"563","2018","03","BETHESDA",372
"564","2019","02","ROCKVILLE",372
"565","2020","10","GERMANTOWN",372
"566","2021","11","GERMANTOWN",372
"567","2020","08","ROCKVILLE",371
"568","2022","09","ROCKVILLE",371
"569","2023","04","GERMANTOWN",371
"570","2024","03","ROCKVILLE",371
"571","2024","09","GERMANTOWN",371
"572","2020","12","GERMANTOWN",370
"573","2025","04","GERMANTOWN",370
"574","2016","08","ROCKVILLE",369
"575","2022","08","GERMANTOWN",367
"576","2022","09","GERMANTOWN",367
"577","2020","04","MONTGOMERY VILLAGE",366
"578","2020","06","GERMANTOWN",366
"579","2020","10","ROCKVILLE",366
"580","2023","05","ROCKVILLE",366
"581","2020","03","ROCKVILLE",365
"582","2021","04","BETHESDA",365
"583","2022","07","GERMANTOWN",365
"584","2022","10","ROCKVILLE",365
"585","2023","03","ROCKVILLE",365
"586","2017","04","ROCKVILLE",364
"587","2020","09","GERMANTOWN",364
"588","2024","12","GERMANTOWN",363
"589","2020","07","ROCKVILLE",362
"590","2022","12","GERMANTOWN",362
"591","2024","03","GERMANTOWN",361
"592","2025","03","ROCKVILLE",361
"593","2021","04","GERMANTOWN",360
"594","2022","06","ROCKVILLE",360
"595","2020","03","BETHESDA",359
"596","2020","09","ROCKVILLE",359
"597","2021","11","ROCKVILLE",359
"598","2024","01","GERMANTOWN",359
"599","2021","06","ROCKVILLE",358
"600","2021","08","ROCKVILLE",358
"601","2025","02","MONTGOMERY VILLAGE",358
"602","2023","06","ROCKVILLE",357
"603","2023","10","ROCKVILLE",354
"604","2024","11","ROCKVILLE",354
"605","2021","01","GERMANTOWN",353
"606","2021","05","ROCKVILLE",353
"607","2025","07","BETHESDA",353
"608","2023","11","ROCKVILLE",352
"609","2021","03","GERMANTOWN",351
"610","2024","06","ROCKVILLE",349
"611","2021","02","BETHESDA",348
"612","2022","01","ROCKVILLE",348
"613","2023","02","ROCKVILLE",348
"614","2021","03","ROCKVILLE",347
"615","2021","07","ROCKVILLE",347
"616","2024","02","GERMANTOWN",346
"617","2023","02","GERMANTOWN",343
"618","2024","07","ROCKVILLE",343
"619","2022","07","ROCKVILLE",342
"620","2023","07","ROCKVILLE",342
"621","2021","08","GERMANTOWN",341
"622","2023","04","ROCKVILLE",341
"623","2020","06","ROCKVILLE",340
"624","2021","09","ROCKVILLE",339
"625","2025","01","GERMANTOWN",339
"626","2024","01","ROCKVILLE",338
"627","2022","04","ROCKVILLE",336
"628","2023","12","ROCKVILLE",335
"629","2024","12","ROCKVILLE",335
"630","2024","07","GERMANTOWN",334
"631","2020","11","ROCKVILLE",331
"632","2020","05","GERMANTOWN",330
"633","2022","02","GERMANTOWN",330
"634","2020","12","ROCKVILLE",329
"635","2023","09","GERMANTOWN",326
"636","2021","12","ROCKVILLE",319
"637","2022","01","GERMANTOWN",318
"638","2021","02","GERMANTOWN",317
"639","2022","05","ROCKVILLE",317
"640","2024","02","ROCKVILLE",316
"641","2025","06","ROCKVILLE",315
"642","2022","02","ROCKVILLE",313
"643","2024","11","GERMANTOWN",308
"644","2021","02","ROCKVILLE",306
"645","2025","02","GERMANTOWN",306
"646","2020","04","GERMANTOWN",295
"647","2021","01","ROCKVILLE",289
"648","2025","07","ROCKVILLE",283
"649","2020","04","BETHESDA",281
"650","2025","01","ROCKVILLE",273
"651","2025","07","GERMANTOWN",269
"652","2025","02","ROCKVILLE",267
"653","2021","04","ROCKVILLE",250
"654","2020","04","ROCKVILLE",235
"655","2024","07","TAKOMA PARK",217
"656","2024","05","TAKOMA PARK",216
"657","2024","02","TAKOMA PARK",206
"658","2024","03","TAKOMA PARK",186
"659","2023","11","TAKOMA PARK",161
"660","2024","04","TAKOMA PARK",159
"661","2024","08","TAKOMA PARK",158
"662","2023","08","TAKOMA PARK",157
"663","2024","06","TAKOMA PARK",155
"664","2023","03","TAKOMA PARK",146
"665","2023","10","TAKOMA PARK",144
"666","2024","01","TAKOMA PARK",141
"667","2023","06","TAKOMA PARK",129
"668","2023","01","TAKOMA PARK",127
"669","2023","02","TAKOMA PARK",120
"670","2020","01","TAKOMA PARK",118
"671","2023","04","TAKOMA PARK",117
"672","2024","10","TAKOMA PARK",117
"673","2019","05","TAKOMA PARK",116
"674","2023","09","TAKOMA PARK",114
"675","2025","03","TAKOMA PARK",114
"676","2017","01","TAKOMA PARK",113
"677","2017","04","TAKOMA PARK",111
"678","2022","06","TAKOMA PARK",111
"679","2018","06","TAKOMA PARK",106
"680","2017","08","TAKOMA PARK",105
"681","2023","07","TAKOMA PARK",105
"682","2022","05","TAKOMA PARK",103
"683","2021","03","TAKOMA PARK",102
"684","2023","12","TAKOMA PARK",102
"685","2016","12","TAKOMA PARK",100
"686","2022","09","TAKOMA PARK",100
"687","2018","03","TAKOMA PARK",99
"688","2023","05","TAKOMA PARK",98
"689","2017","03","TAKOMA PARK",97
"690","2017","05","TAKOMA PARK",97
"691","2022","12","TAKOMA PARK",97
"692","2017","09","TAKOMA PARK",95
"693","2022","11","TAKOMA PARK",95
"694","2025","06","TAKOMA PARK",95
"695","2019","03","TAKOMA PARK",94
"696","2022","08","TAKOMA PARK",94
"697","2019","08","TAKOMA PARK",93
"698","2022","04","TAKOMA PARK",93
"699","2025","05","TAKOMA PARK",93
"700","2016","07","TAKOMA PARK",92
"701","2025","08","SILVER SPRING",92
"702","2019","10","TAKOMA PARK",91
"703","2022","07","TAKOMA PARK",90
"704","2025","08","WHEATON",90
"705","2016","09","TAKOMA PARK",89
"706","2021","02","TAKOMA PARK",89
"707","2022","03","TAKOMA PARK",89
"708","2017","06","TAKOMA PARK",88
"709","2021","10","TAKOMA PARK",87
"710","2016","10","TAKOMA PARK",86
"711","2017","11","TAKOMA PARK",86
"712","2020","08","TAKOMA PARK",86
"713","2018","12","TAKOMA PARK",85
"714","2021","05","TAKOMA PARK",85
"715","2024","09","TAKOMA PARK",85
"716","2017","10","TAKOMA PARK",84
"717","2018","10","TAKOMA PARK",84
"718","2021","06","TAKOMA PARK",84
"719","2022","10","TAKOMA PARK",84
"720","2020","05","TAKOMA PARK",83
"721","2019","11","TAKOMA PARK",82
"722","2018","11","TAKOMA PARK",81
"723","2020","03","TAKOMA PARK",81
"724","2025","08","MONTGOMERY VILLAGE",81
"725","2017","02","TAKOMA PARK",80
"726","2017","12","TAKOMA PARK",80
"727","2018","04","TAKOMA PARK",80
"728","2020","02","TAKOMA PARK",80
"729","2021","07","TAKOMA PARK",80
"730","2019","06","TAKOMA PARK",79
"731","2019","12","TAKOMA PARK",79
"732","2021","01","TAKOMA PARK",79
"733","2016","08","TAKOMA PARK",78
"734","2018","05","TAKOMA PARK",78
"735","2020","09","TAKOMA PARK",78
"736","2020","11","TAKOMA PARK",78
"737","2025","07","TAKOMA PARK",78
"738","2025","08","GERMANTOWN",78
"739","2017","07","TAKOMA PARK",77
"740","2019","04","TAKOMA PARK",77
"741","2021","04","TAKOMA PARK",76
"742","2021","12","TAKOMA PARK",76
"743","2018","02","TAKOMA PARK",75
"744","2022","02","TAKOMA PARK",75
"745","2020","06","TAKOMA PARK",74
"746","2019","07","TAKOMA PARK",73
"747","2021","08","TAKOMA PARK",73
"748","2021","11","TAKOMA PARK",73
"749","2024","11","TAKOMA PARK",73
"750","2020","07","TAKOMA PARK",72
"751","2025","08","BETHESDA",71
"752","2018","01","TAKOMA PARK",70
"753","2019","09","TAKOMA PARK",69
"754","2018","08","TAKOMA PARK",68
"755","2025","08","ROCKVILLE",68
"756","2019","01","TAKOMA PARK",67
"757","2019","02","TAKOMA PARK",67
"758","2020","04","TAKOMA PARK",67
"759","2016","11","TAKOMA PARK",66
"760","2020","10","TAKOMA PARK",66
"761","2025","04","TAKOMA PARK",66
"762","2020","12","TAKOMA PARK",65
"763","2021","09","TAKOMA PARK",65
"764","2018","07","TAKOMA PARK",61
"765","2025","02","TAKOMA PARK",61
"766","2025","01","TAKOMA PARK",60
"767","2022","01","TAKOMA PARK",59
"768","2024","12","TAKOMA PARK",59
"769","2018","09","TAKOMA PARK",55
"770","2025","08","TAKOMA PARK",21
